Date,Open,High,Low,Close,Adj Close,Volume
02-Jan-15,28.059999,28.59,28.01,28.440001,24.049593,1257200
05-Jan-15,27.91,27.969999,26.9,27.040001,22.865719,1880100
06-Jan-15,27.040001,27.48,26.98,27.07,22.891085,2306300
07-Jan-15,27.139999,27.67,26.98,27.540001,23.28853,1296000
08-Jan-15,27.799999,28.42,27.67,28.33,23.95657,1166400
09-Jan-15,28.35,28.549999,28.23,28.379999,23.998856,882200
12-Jan-15,27.92,28.1,27.299999,27.889999,23.584501,1826300
13-Jan-15,27.530001,27.719999,26.280001,26.549999,22.451363,3595300
14-Jan-15,24.85,25.639999,23.6,25.559999,21.614191,8284100
15-Jan-15,25.950001,26.26,25.389999,25.68,21.715666,3496100
16-Jan-15,25.9,27.190001,25.83,27.09,22.907997,3678300
20-Jan-15,27,27.16,26.690001,27.049999,22.874174,2283900
21-Jan-15,27.059999,27.879999,26.92,27.809999,23.51685,1926500
22-Jan-15,28.09,28.49,28.040001,28.27,23.90584,1693700
23-Jan-15,27.66,27.809999,27.09,27.120001,22.933365,1885400
26-Jan-15,27,27.9,26.84,27.66,23.390007,1730800
27-Jan-15,26.450001,27.299999,26.4,26.98,22.814976,2669300
28-Jan-15,26.950001,27.4,26.639999,26.700001,22.578207,1678100
29-Jan-15,26.66,26.73,26.129999,26.620001,22.510557,1993200
30-Jan-15,26.370001,27.639999,26.15,27.280001,23.068668,3026700
02-Feb-15,27.469999,27.870001,27.040001,27.370001,23.144773,2338600
03-Feb-15,27.98,28.940001,27.969999,28.9,24.438581,3437800
04-Feb-15,28.559999,29.889999,28.49,29.219999,24.709179,3327600
05-Feb-15,29.07,29.860001,28.68,29.74,25.148909,2693900
06-Feb-15,29.18,29.549999,29.07,29.129999,24.633072,1772000
09-Feb-15,29.190001,29.85,29.09,29.59,25.022066,1267000
10-Feb-15,29.35,29.700001,29.059999,29.540001,24.979778,1900300
11-Feb-15,29.42,29.469999,28.85,29.27,24.751463,2591900
12-Feb-15,29.76,30.15,29.700001,30.129999,25.56605,1716300
13-Feb-15,30.43,30.950001,30.190001,30.43,25.820602,1478200
17-Feb-15,30.059999,30.68,30.030001,30.459999,25.84606,1255100
18-Feb-15,30.4,30.950001,30.299999,30.719999,26.066675,1181600
19-Feb-15,30.48,30.540001,30.09,30.18,25.608475,1194900
20-Feb-15,30.1,30.299999,30.040001,30.200001,25.625443,1042600
23-Feb-15,29.799999,30.18,29.620001,30.08,25.523619,1289900
24-Feb-15,30.4,30.52,30.030001,30.07,25.515133,1313500
25-Feb-15,30.190001,30.209999,29.9,30.07,25.515133,1078300
26-Feb-15,30.200001,30.27,29.860001,29.91,25.379368,1324800
27-Feb-15,30.07,30.280001,29.77,29.77,25.260576,1613300
02-Mar-15,29.719999,30.290001,29.559999,29.82,25.303003,1741600
03-Mar-15,29.809999,30.07,29.530001,29.559999,25.082388,1175700
04-Mar-15,29.209999,29.92,29.08,29.82,25.303003,1347700
05-Mar-15,29.700001,30.1,29.41,29.459999,24.997534,1612300
06-Mar-15,28.82,29.07,28.58,28.84,24.471449,1810100
09-Mar-15,28.940001,29.1,28.639999,28.9,24.52236,1436900
10-Mar-15,28.469999,28.889999,28.129999,28.33,24.038698,1892800
11-Mar-15,28.32,29.02,27.940001,28.91,24.530844,1794500
12-Mar-15,29.440001,29.84,29.110001,29.209999,24.785404,1945100
13-Mar-15,29.030001,29.09,28.52,28.98,24.590244,1307000
16-Mar-15,29.049999,29.23,28.700001,28.99,24.598724,1008500
17-Mar-15,28.799999,29.4,28.799999,29.18,24.759949,1084600
18-Mar-15,28.780001,29.74,28.75,29.6,25.116327,1526900
19-Mar-15,29.49,29.66,29.23,29.41,24.955105,1158200
20-Mar-15,29.73,30.52,29.709999,30.030001,25.481194,2840100
23-Mar-15,30.33,30.49,29.879999,30.389999,25.786663,1522300
24-Mar-15,30.370001,30.73,29.9,30.07,25.515133,1800200
25-Mar-15,30.32,30.370001,29.66,29.66,25.167238,1655000
26-Mar-15,29.709999,30.15,29.35,29.41,24.955105,1631100
27-Mar-15,29.129999,29.299999,28.01,28.33,24.038698,3916400
30-Mar-15,28.370001,29.76,28.33,29.59,25.107841,2133300
31-Mar-15,28.98,29.26,28.790001,29.18,24.759949,1435700
01-Apr-15,29.200001,29.540001,28.809999,28.91,24.530844,1509700
02-Apr-15,28.709999,29.209999,28.700001,29.18,24.759949,948100
06-Apr-15,29.42,29.67,29.27,29.52,25.048447,1003900
07-Apr-15,29.49,29.690001,29.34,29.43,24.972075,1030600
08-Apr-15,29.85,29.91,29.459999,29.51,25.039955,784900
09-Apr-15,29.299999,29.459999,29.049999,29.08,24.675093,1266900
10-Apr-15,29.110001,29.35,28.82,29.040001,24.641153,1508600
13-Apr-15,29.110001,29.25,28.719999,28.99,24.598724,1538300
14-Apr-15,29.459999,29.559999,28.889999,29.360001,24.912678,1161900
15-Apr-15,29.440001,30.139999,29.32,30.049999,25.498161,1721800
16-Apr-15,30.209999,30.209999,29.77,30.059999,25.506651,1040900
17-Apr-15,29.870001,30.09,29.799999,30,25.455736,1034300
20-Apr-15,29.93,30.280001,29.93,30,25.455736,863600
21-Apr-15,30.01,30.030001,29.370001,29.5,25.031479,847900
22-Apr-15,29.73,29.879999,29.48,29.84,25.319979,672600
23-Apr-15,29.459999,30.25,29.41,30.139999,25.574535,1028000
24-Apr-15,30.48,30.98,30.42,30.940001,26.253345,2002100
27-Apr-15,31,31.74,30.969999,31.35,26.601246,1872400
28-Apr-15,31.629999,32.349998,31.59,32.32,27.424318,2224400
29-Apr-15,32.07,32.57,31.879999,32.380001,27.475229,1643100
30-Apr-15,32.119999,32.790001,31.92,32.580002,27.644932,2176900
01-May-15,32.869999,33.310001,32.799999,33.139999,28.120102,1320100
04-May-15,33.299999,33.299999,32.619999,32.639999,27.695841,1502200
05-May-15,32.779999,33.009998,32.630001,32.950001,27.958885,1770300
06-May-15,33,33.119999,32.459999,32.630001,27.687361,1129800
07-May-15,32.169998,32.330002,31.860001,32.209999,27.330976,1469500
08-May-15,32.5,32.709999,32.099998,32.450001,27.534628,1758500
11-May-15,32.48,32.509998,32.099998,32.209999,27.415461,1025300
12-May-15,32.18,32.869999,31.98,32.360001,27.543135,2239500
13-May-15,32.41,32.830002,32.310001,32.41,27.585693,999100
14-May-15,32.689999,33.040001,32.470001,33,28.087872,1220300
15-May-15,32.959999,32.98,32.470001,32.790001,27.909128,1015200
18-May-15,32.360001,32.52,32.040001,32.23,27.432484,1293600
19-May-15,31.780001,31.98,31.4,31.66,26.94733,1261900
20-May-15,31.74,32.349998,31.74,32.119999,27.338856,1144700
21-May-15,32.200001,32.220001,31.41,31.51,26.819658,949300
22-May-15,31.440001,31.639999,31.18,31.370001,26.700499,803000
26-May-15,31.129999,31.190001,30.59,30.67,26.104694,913800
27-May-15,30.52,30.780001,30.459999,30.73,26.155764,1226600
28-May-15,30.73,30.73,30.219999,30.5,25.960003,866500
29-May-15,30.459999,30.76,30.01,30.02,25.551451,1635000
01-Jun-15,30.049999,30.309999,29.73,30.07,25.594004,1051000
02-Jun-15,30.129999,31.23,30.129999,30.9,26.300455,1172700
03-Jun-15,31.01,31.139999,30.52,30.67,26.104694,929100
04-Jun-15,30.4,30.639999,30.190001,30.360001,25.840843,504500
05-Jun-15,30.23,30.73,30.049999,30.4,25.874886,833200
08-Jun-15,30.34,30.43,30.09,30.24,25.738701,822100
09-Jun-15,30.309999,30.719999,30.18,30.370001,25.849352,696600
10-Jun-15,31.15,31.290001,30.620001,30.709999,26.138746,793300
11-Jun-15,30.67,30.790001,30.219999,30.459999,25.925955,1414600
12-Jun-15,30.450001,30.799999,30.33,30.709999,26.138746,566200
15-Jun-15,30.200001,30.35,29.99,30.15,25.6621,1177700
16-Jun-15,30.219999,30.83,30.15,30.74,26.164274,984800
17-Jun-15,30.799999,30.799999,30.1,30.49,25.951487,1020900
18-Jun-15,30.719999,31.35,30.59,31.280001,26.623898,938800
19-Jun-15,31.049999,31.049999,30.110001,30.15,25.6621,1403500
22-Jun-15,30.17,30.309999,29.9,29.98,25.517408,1113900
23-Jun-15,30.08,30.440001,29.870001,30.15,25.6621,1418900
24-Jun-15,30.4,31.33,30.4,31.059999,26.436638,1701700
25-Jun-15,31,31.209999,30.309999,30.33,25.815308,1186700
26-Jun-15,30.33,30.65,30.139999,30.549999,26.002558,2684500
29-Jun-15,30.219999,30.59,30.17,30.200001,25.704655,804900
30-Jun-15,30.200001,30.26,29.290001,29.41,25.032248,2106000
01-Jul-15,29.440001,29.52,29.049999,29.24,24.887556,1333100
02-Jul-15,29.389999,29.620001,29.15,29.559999,25.159922,1335900
06-Jul-15,28.870001,29.48,28.85,29.059999,24.734343,1485000
07-Jul-15,28.450001,29.02,27.540001,28.91,24.606676,2280000
08-Jul-15,28.77,29.17,28.23,28.280001,24.070454,1610400
09-Jul-15,28.6,28.92,28.16,28.16,23.968315,940400
10-Jul-15,28.75,28.98,28.4,28.48,24.240685,778800
13-Jul-15,28.559999,29.4,28.389999,29.32,24.955647,832300
14-Jul-15,29.18,29.290001,28.83,29.200001,24.85351,1361100
15-Jul-15,29.129999,29.129999,28.790001,28.92,24.615185,1126000
16-Jul-15,29.07,29.33,28.889999,28.969999,24.657747,1081100
17-Jul-15,28.709999,28.870001,28.18,28.459999,24.223663,1297200
20-Jul-15,28.059999,28.41,27.790001,27.83,23.687437,969700
21-Jul-15,27.969999,28.799999,27.879999,28.35,24.130035,1726700
22-Jul-15,27.799999,28.25,27.57,27.709999,23.585299,1915800
23-Jul-15,27.860001,28.01,26.92,27.42,23.338465,2397700
24-Jul-15,27.129999,27.15,26.4,26.950001,22.938429,3484500
27-Jul-15,26.389999,27,26.030001,26.09,22.20644,1928800
28-Jul-15,26.48,27.58,26.07,27.299999,23.236332,2410600
29-Jul-15,27.200001,28.120001,27.059999,27.950001,23.789576,2203400
30-Jul-15,27.91,27.92,27.110001,27.4,23.321438,2259800
31-Jul-15,27.76,28.059999,27.41,27.860001,23.712971,1356200
03-Aug-15,27.57,27.809999,27.01,27.08,23.049076,1873400
04-Aug-15,27.440001,27.91,27.379999,27.809999,23.67041,1766900
05-Aug-15,28.049999,28.4,27.5,27.52,23.423582,2473100
06-Aug-15,27.379999,28.209999,27.16,28.190001,23.993851,1850300
07-Aug-15,27.959999,28.32,27.379999,27.5,23.406563,1581000
10-Aug-15,27.4,28.84,27.219999,28.67,24.402399,1573300
11-Aug-15,27.940001,27.940001,26.969999,27.66,23.625143,2299600
12-Aug-15,27.33,27.780001,27.200001,27.73,23.684935,2234600
13-Aug-15,27.52,27.77,27.26,27.41,23.411612,1817400
14-Aug-15,27.450001,27.82,27.24,27.610001,23.582436,1500400
17-Aug-15,27.42,27.76,27.209999,27.67,23.63369,1172500
18-Aug-15,27.25,27.280001,26.290001,26.99,23.052876,2755500
19-Aug-15,26.459999,26.950001,26.23,26.690001,22.796644,2470100
20-Aug-15,26.870001,27.209999,26.66,26.690001,22.796644,1540600
21-Aug-15,26.559999,26.84,25.870001,25.9,22.121883,2116700
24-Aug-15,23.809999,25.780001,23.41,24.870001,21.24213,5703800
25-Aug-15,25.83,25.84,24.48,24.51,20.934649,2607800
26-Aug-15,25.030001,25.09,23.91,24.4,20.840691,3245000
27-Aug-15,24.98,27.389999,24.799999,26.93,23.001633,4033600
28-Aug-15,26.950001,27.91,26.940001,27.35,23.360367,2537000
31-Aug-15,26.08,26.98,25.700001,26.66,22.771019,3143600
01-Sep-15,25.6,26.139999,25.33,25.440001,21.728985,2562100
02-Sep-15,26.07,26.469999,25.5,26.440001,22.583109,2122700
03-Sep-15,26.469999,27.66,26.469999,27.15,23.189541,1852300
04-Sep-15,26.51,27.1,26.190001,26.370001,22.523319,1359800
08-Sep-15,27.49,27.84,27.02,27.74,23.693478,1841100
09-Sep-15,28.389999,28.809999,27.4,27.51,23.497023,1961100
10-Sep-15,27.74,28.200001,27.469999,28.139999,24.035126,1808800
11-Sep-15,28.09,28.200001,27.719999,28.190001,24.077833,1062700
14-Sep-15,27.969999,28.15,27.41,27.709999,23.667847,1486000
15-Sep-15,27.690001,28.25,27.559999,27.84,23.778889,1933400
16-Sep-15,27.950001,28.5,27.950001,28.27,24.14616,1703800
17-Sep-15,28.110001,28.780001,28,28.17,24.060749,1521900
18-Sep-15,27.68,27.77,27.059999,27.129999,23.172457,2966500
21-Sep-15,27.290001,27.360001,26.93,27.040001,23.095583,1102700
22-Sep-15,26.26,26.940001,25.950001,26.66,22.771019,2180900
23-Sep-15,26.790001,26.879999,26.309999,26.370001,22.523319,1511600
24-Sep-15,26.07,26.969999,26.01,26.860001,22.941843,1684400
25-Sep-15,26.99,27.16,26.5,26.67,22.779554,1601300
28-Sep-15,25.93,26.08,25.57,25.879999,22.104799,2035100
29-Sep-15,25.85,26.120001,25.559999,26.09,22.284166,1946400
30-Sep-15,26.59,26.790001,26.139999,26.719999,22.822266,1956400
01-Oct-15,27.219999,27.620001,26.77,27.209999,23.240784,2084100
02-Oct-15,27.09,27.610001,26.75,27.610001,23.582436,1872700
05-Oct-15,27.809999,28.41,27.700001,28.35,24.214493,1312100
06-Oct-15,28.07,28.9,28.040001,28.68,24.496355,2009500
07-Oct-15,29.530001,29.68,28.690001,28.889999,24.675722,1995400
08-Oct-15,28.879999,29.120001,28.370001,28.93,24.70989,2155500
09-Oct-15,29.65,30.23,29.57,30.16,25.760462,2722000
12-Oct-15,30.25,30.25,29.309999,29.84,25.487146,1436500
13-Oct-15,29.360001,29.719999,29.030001,29.360001,25.07716,1043100
14-Oct-15,29.58,29.77,29.209999,29.41,25.119864,1199800
15-Oct-15,29.200001,29.459999,29.02,29.35,25.068619,1212700
16-Oct-15,29.27,29.27,28.620001,28.77,24.573223,1160500
19-Oct-15,28.450001,28.790001,28.190001,28.48,24.325531,1380300
20-Oct-15,28.42,28.709999,28.129999,28.540001,24.376781,1305700
21-Oct-15,28.629999,28.75,28.02,28.07,23.975336,1058400
22-Oct-15,28.1,28.76,28.1,28.440001,24.291367,1065500
23-Oct-15,28.879999,29.280001,28.67,29,24.769672,1451400
26-Oct-15,29.02,29.17,28.52,28.59,24.419483,876700
27-Oct-15,28.33,28.48,27.98,28.16,24.052212,1166100
28-Oct-15,27.870001,28.67,27.66,28.07,23.975336,1490500
29-Oct-15,27.879999,28.02,27.530001,27.629999,23.599518,1068600
30-Oct-15,27.68,28.040001,27.49,27.76,23.710558,1127800
02-Nov-15,27.549999,28.15,27.34,28.040001,23.949713,1122000
03-Nov-15,27.879999,28.440001,27.82,28.15,24.043665,1227200
04-Nov-15,28.309999,28.370001,27.639999,27.860001,23.795971,1285900
05-Nov-15,27.6,27.700001,27.25,27.610001,23.582436,1322200
06-Nov-15,26.870001,27.200001,26.73,26.950001,23.052114,1545400
09-Nov-15,26.82,26.950001,26.1,26.67,22.812609,1673800
10-Nov-15,26.49,26.959999,26.469999,26.799999,22.923811,1632300
11-Nov-15,26.9,26.98,26.35,26.620001,22.769844,1158200
12-Nov-15,26.16,26.389999,25.92,26.18,22.393482,1907800
13-Nov-15,26.290001,26.42,25.879999,26.1,22.32505,1505700
16-Nov-15,26.09,26.309999,25.690001,25.780001,22.051331,1785100
17-Nov-15,25.799999,25.799999,25.120001,25.620001,21.914476,2087600
18-Nov-15,25.9,26.450001,25.620001,26.370001,22.555998,2151200
19-Nov-15,26.5,27.25,26.5,26.75,22.881039,2109400
20-Nov-15,27,27.58,26.77,27.34,23.385698,2747200
23-Nov-15,27.190001,27.24,25.98,26,22.239513,3120100
24-Nov-15,26.049999,26.379999,25.93,26.07,22.299389,3052700
25-Nov-15,25.98,26.09,25.34,25.690001,21.97435,1637300
27-Nov-15,25.58,25.950001,25.51,25.68,21.965797,766200
30-Nov-15,25.799999,26.23,25.6,25.73,22.00857,2074400
01-Dec-15,25.74,26.17,25.51,26.139999,22.359264,1676000
02-Dec-15,25.950001,26.08,25.209999,25.25,21.597986,2204400
03-Dec-15,25.459999,25.77,25.25,25.68,21.965797,1778000
04-Dec-15,25.75,26.84,25.66,26.790001,22.915255,1986100
07-Dec-15,26.48,26.530001,25.82,25.959999,22.205296,1395200
08-Dec-15,25.200001,25.370001,24.780001,24.799999,21.213072,2459000
09-Dec-15,25.07,25.790001,24.91,25.209999,21.563774,1356600
10-Dec-15,25.200001,25.620001,24.99,25.33,21.66642,1066600
11-Dec-15,25.030001,25.540001,24.75,24.9,21.298609,1453500
14-Dec-15,24.76,25.280001,24.530001,25.030001,21.409813,1387900
15-Dec-15,25.24,25.67,25.17,25.450001,21.769064,1606300
16-Dec-15,25.559999,25.940001,25.48,25.709999,21.991455,1783000
17-Dec-15,25.18,25.360001,24.620001,24.940001,21.332829,1664700
18-Dec-15,25.01,25.360001,24.83,24.889999,21.29006,1915200
21-Dec-15,25.07,25.209999,24.299999,24.450001,20.913694,1969000
22-Dec-15,24.48,25.030001,24.42,24.870001,21.272953,1249700
23-Dec-15,25.559999,26.790001,25.219999,26.690001,22.829716,2161400
24-Dec-15,26.700001,27.09,26.620001,26.91,23.017897,601500
28-Dec-15,26.549999,26.639999,26.129999,26.27,22.470465,1142600
29-Dec-15,26.690001,26.84,26.49,26.68,22.821165,944300
30-Dec-15,26.290001,26.52,25.91,26.34,22.530336,993500
31-Dec-15,26.1,26.469999,26.09,26.120001,22.342159,820100
04-Jan-16,25.4,26.16,25.26,25.66,21.948692,1640100
05-Jan-16,26.16,26.469999,25.610001,25.950001,22.196745,1702200
06-Jan-16,25.35,25.57,25.040001,25.200001,21.555222,1527800
07-Jan-16,24.540001,24.93,24.139999,24.559999,21.00778,2345300
08-Jan-16,24.57,24.780001,24.040001,24.07,20.588661,1242700
11-Jan-16,24.25,24.309999,23.1,23.389999,20.007008,2516900
12-Jan-16,23.219999,23.389999,22.17,22.77,19.476683,2343300
13-Jan-16,23.120001,23.209999,22.309999,22.66,19.382593,1663900
14-Jan-16,22.73,22.959999,22.309999,22.870001,19.562218,1346600
15-Jan-16,21.950001,22.860001,21.950001,22.709999,19.425364,1994100
19-Jan-16,23.07,23.200001,22.02,22.290001,19.066105,1224300
20-Jan-16,21.700001,22.9,21.549999,22.66,19.382593,2252300
21-Jan-16,22.629999,23.290001,22.23,23.01,19.681973,1093600
22-Jan-16,23.549999,23.99,23.33,23.620001,20.203749,1378900
25-Jan-16,23.23,23.709999,23.23,23.49,20.092546,1130100
26-Jan-16,24.379999,25.120001,24.26,24.99,21.375595,2168000
27-Jan-16,24.77,25.389999,24.549999,24.74,21.161751,1261300
28-Jan-16,25.030001,25.25,24.58,24.98,21.367041,1101300
29-Jan-16,24.799999,25.93,24.58,25.92,22.171082,1557000
01-Feb-16,25.58,25.860001,24.84,25.379999,21.709185,1202900
02-Feb-16,24.52,24.84,24.02,24.18,20.682745,1471000
03-Feb-16,24.629999,25.43,23.93,25.43,21.751951,1271700
04-Feb-16,25.82,27.26,25.620001,26.93,23.035004,1972800
05-Feb-16,26.33,27.07,26.1,26.5,22.667192,1304700
08-Feb-16,26.379999,26.76,25.65,26.08,22.307941,953800
09-Feb-16,25.360001,25.66,24.700001,25.379999,21.709185,2224100
10-Feb-16,25.200001,25.52,24.93,25.1,21.469687,1426500
11-Feb-16,24.379999,25.83,23.75,24.65,21.110003,2403400
12-Feb-16,24.65,26.440001,24.219999,26.370001,22.582991,1646800
16-Feb-16,26.459999,27.02,26.200001,26.4,22.608685,1957100
17-Feb-16,25.74,26.18,24.91,25.49,21.829363,3189100
18-Feb-16,25.360001,25.379999,23.940001,24.25,20.767443,2888800
19-Feb-16,24.07,24.129999,23.559999,23.75,20.339251,1874600
22-Feb-16,24.33,25.02,24.17,24.959999,21.375477,2324700
23-Feb-16,24.75,24.75,24.200001,24.33,20.835955,1545500
24-Feb-16,23.969999,24.379999,23.540001,24.33,20.835955,1472700
25-Feb-16,24.200001,24.49,23.799999,24.459999,20.947287,1026000
26-Feb-16,25.08,25.08,24.530001,24.629999,21.092878,1180000
29-Feb-16,24.549999,24.639999,23.799999,23.940001,20.501965,1762200
01-Mar-16,24.440001,24.82,24.02,24.74,21.187071,1357000
02-Mar-16,24.98,25.76,24.93,25.73,22.034903,1675100
03-Mar-16,25.709999,26.219999,25.48,26.129999,22.377457,2105500
04-Mar-16,26.540001,27.68,26.540001,26.940001,23.071133,2489100
07-Mar-16,27.09,27.43,26.83,26.950001,23.079699,1670900
08-Mar-16,26.469999,26.629999,25.700001,25.93,22.206175,1728100
09-Mar-16,26.09,26.299999,25.540001,26.190001,22.428843,1428300
10-Mar-16,26.209999,26.48,25.889999,26.280001,22.505917,961000
11-Mar-16,26.440001,26.92,26.23,26.85,22.994059,1450500
14-Mar-16,26.610001,27.09,26.42,26.870001,23.011187,1140000
15-Mar-16,26.5,26.76,26.24,26.629999,22.805651,912100
16-Mar-16,26.43,27.719999,26.27,27.68,23.704863,1424300
17-Mar-16,27.99,28.620001,27.85,28.440001,24.355722,1411700
18-Mar-16,28.5,29.200001,28.18,28.34,24.270079,2221200
21-Mar-16,28.299999,28.67,27.940001,28.219999,24.167305,946900
22-Mar-16,28.01,28.59,28.01,28.4,24.321457,681600
23-Mar-16,27.959999,28.030001,27.43,27.459999,23.516453,768900
24-Mar-16,27.15,28.049999,26.82,27.969999,23.953215,1017200
28-Mar-16,27.969999,28.190001,27.35,27.75,23.764807,723900
29-Mar-16,27.34,28.299999,27.23,28.27,24.210133,664100
30-Mar-16,28.5,28.969999,27.82,28.190001,24.141615,895400
31-Mar-16,28.09,28.299999,27.67,27.709999,23.730549,1068900
01-Apr-16,26.809999,27.610001,26.809999,27.559999,23.602093,1563100
04-Apr-16,27.52,27.639999,26.790001,26.790001,22.942678,1121100
05-Apr-16,26.639999,27.18,26.540001,26.969999,23.096823,1343700
06-Apr-16,26.950001,27.1,26.6,26.860001,23.002625,1148400
07-Apr-16,26.610001,26.870001,25.57,25.68,21.992085,1656600
08-Apr-16,26.110001,26.41,25.610001,25.92,22.197615,2099300
11-Apr-16,26.27,27.059999,26.27,26.41,22.617247,1322700
12-Apr-16,26.67,27.5,26.4,27.26,23.345177,1427200
13-Apr-16,27.83,28.15,27.73,27.790001,23.799067,1138600
14-Apr-16,27.82,27.93,27.43,27.66,23.687733,600300
15-Apr-16,27.48,27.99,27.1,27.98,23.961775,782300
18-Apr-16,27.639999,28.379999,27.280001,28.360001,24.287205,755300
19-Apr-16,28.74,29.25,28.700001,29.1,24.920931,1078600
20-Apr-16,29.17,29.290001,28.82,29.049999,24.878113,1065500
21-Apr-16,29.709999,29.709999,28.84,28.870001,24.723963,1262800
22-Apr-16,29.120001,29.540001,28.809999,29.190001,24.998007,975300
25-Apr-16,28.42,29.190001,28.33,28.99,24.826731,1083700
26-Apr-16,29.139999,29.9,28.870001,29.879999,25.588917,1843100
27-Apr-16,29.809999,30.25,29.65,30.209999,25.871525,1812300
28-Apr-16,30.690001,31.309999,29.66,29.85,25.563225,1964900
29-Apr-16,30.01,30.41,29.42,29.67,25.409079,1783700
02-May-16,29.809999,29.879999,29.299999,29.530001,25.289181,1148100
03-May-16,29.110001,29.24,28.65,28.91,24.758223,1539300
04-May-16,28.65,29.059999,28.34,28.5,24.407097,1503600
05-May-16,28.809999,28.9,27.99,28.24,24.184441,1105100
06-May-16,28.030001,28.76,28.01,28.530001,24.476131,747300
09-May-16,27.889999,27.889999,27.1,27.52,23.609644,1112000
10-May-16,27.73,27.76,27.290001,27.74,23.798378,1258500
11-May-16,27.809999,28.32,27.809999,27.879999,23.918486,686100
12-May-16,28.129999,28.219999,27.540001,27.780001,23.832697,962200
13-May-16,27.73,27.780001,26.860001,27.059999,23.215002,1936500
16-May-16,27.26,27.59,27.15,27.35,23.463795,1682100
17-May-16,27.200001,27.84,27.030001,27.58,23.661116,997500
18-May-16,27.200001,27.299999,26.629999,26.799999,22.991943,1991900
19-May-16,26.48,27.01,26.190001,26.959999,23.129213,1561700
20-May-16,27.209999,27.440001,26.610001,26.700001,22.906155,1964000
23-May-16,26.469999,26.940001,26.309999,26.74,22.940474,1116000
24-May-16,26.879999,27.01,26.17,26.48,22.717417,1522800
25-May-16,26.709999,26.969999,26.360001,26.860001,23.043421,1418000
26-May-16,27.18,27.370001,26.620001,26.690001,22.897579,921400
27-May-16,26.690001,26.83,26.34,26.610001,22.828949,1091800
31-May-16,26.66,27,26.030001,26.049999,22.348513,12249800
01-Jun-16,25.780001,26.139999,25.370001,26.049999,22.348513,1763700
02-Jun-16,25.77,26.35,25.719999,26.27,22.537254,1019000
03-Jun-16,26.67,27.030001,26.190001,26.42,22.665945,1098000
06-Jun-16,26.620001,27.02,26.59,26.98,23.146368,1163400
07-Jun-16,26.719999,26.870001,26.360001,26.540001,22.76889,1060700
08-Jun-16,27.049999,27.26,26.82,26.82,23.009104,917700
09-Jun-16,26.459999,26.459999,26.030001,26.17,22.451468,810800
10-Jun-16,25.959999,26.129999,25.84,25.969999,22.279886,1170500
13-Jun-16,25.959999,26.24,25.91,26.01,22.314203,931000
14-Jun-16,25.889999,26.01,25.309999,25.58,21.945293,1068300
15-Jun-16,26.049999,26.559999,25.950001,26.209999,22.485783,1405900
16-Jun-16,25.83,26.09,25.67,26.07,22.365677,1356300
17-Jun-16,26.27,26.719999,26.18,26.59,22.811789,1437500
20-Jun-16,26.950001,27.48,26.940001,27.24,23.369425,1305200
21-Jun-16,27.030001,27.32,26.709999,27.24,23.369425,1165900
22-Jun-16,27.48,27.549999,27.16,27.24,23.369425,1531700
23-Jun-16,27.65,28.059999,27.450001,28,24.021437,1270400
24-Jun-16,26,27.110001,25.540001,25.559999,21.928141,4345700
27-Jun-16,25.290001,25.629999,25.01,25.52,21.893824,1451400
28-Jun-16,25.76,26.219999,25.719999,26.09,22.382833,1392200
29-Jun-16,26.530001,26.67,26.26,26.370001,22.623049,1051600
30-Jun-16,26.559999,26.99,26.389999,26.98,23.146368,902500
01-Jul-16,26.389999,26.58,26.200001,26.440001,22.6831,1271700
05-Jul-16,26.1,26.110001,25.280001,25.43,21.816612,1360200
06-Jul-16,25.34,25.469999,24.91,25.389999,21.782295,1508800
07-Jul-16,25.51,25.719999,25.09,25.290001,21.69651,1236800
08-Jul-16,25.65,25.99,25.57,25.77,22.108301,1188200
11-Jul-16,25.93,26.1,25.870001,26.07,22.365677,1181600
12-Jul-16,26.48,26.709999,26.15,26.34,22.597311,1938600
13-Jul-16,26.5,26.77,26.42,26.76,22.95763,1548800
14-Jul-16,26.85,26.940001,26.52,26.59,22.811789,945300
15-Jul-16,26.559999,26.76,26.370001,26.42,22.665945,604000
18-Jul-16,26.23,26.48,26.01,26.450001,22.691679,618700
19-Jul-16,26.17,26.33,26.02,26.1,22.391411,764100
20-Jul-16,25.959999,26.23,25.76,26.120001,22.408569,927100
21-Jul-16,26.23,26.459999,26.059999,26.34,22.597311,790800
22-Jul-16,26.25,26.389999,25.84,26.26,22.528679,732400
25-Jul-16,26.309999,26.34,25.860001,26.190001,22.468626,950800
26-Jul-16,25.940001,26.6,25.940001,26.549999,22.777464,1055900
27-Jul-16,26.719999,27.09,26.290001,26.440001,22.6831,2082900
28-Jul-16,26.4,26.629999,26.040001,26.040001,22.339937,1371100
29-Jul-16,25.959999,26.15,25.6,25.99,22.297039,1275000
01-Aug-16,26.02,26.02,25.290001,25.42,21.808033,978600
02-Aug-16,25.540001,26.059999,25.440001,25.85,22.176935,1378600
03-Aug-16,25.639999,26.690001,25.5,26.65,22.863262,1806000
04-Aug-16,26.51,26.83,26.51,26.629999,22.846107,766600
05-Aug-16,26.709999,26.790001,26.16,26.219999,22.49436,1203000
08-Aug-16,26.42,26.639999,25.969999,25.98,22.288462,1184800
09-Aug-16,25.91,26.25,25.889999,25.959999,22.314249,1009800
10-Aug-16,26.16,26.459999,25.75,25.969999,22.32284,1118800
11-Aug-16,26,26.32,25.889999,26.02,22.365826,1158400
12-Aug-16,25.780001,26.129999,25.6,26.09,22.425989,2169300
15-Aug-16,26.200001,26.48,26.17,26.200001,22.520544,607500
16-Aug-16,26.32,26.379999,26.09,26.139999,22.468973,753700
17-Aug-16,26.030001,26.26,25.85,26.24,22.554932,619400
18-Aug-16,26.450001,26.5,26.290001,26.389999,22.683863,420200
19-Aug-16,26.15,26.25,25.92,26.01,22.357231,431500
22-Aug-16,25.83,26.309999,25.719999,26.299999,22.606504,616900
23-Aug-16,26.48,26.639999,26.290001,26.290001,22.597904,515600
24-Aug-16,26.209999,26.280001,25.719999,25.73,22.11655,1159400
25-Aug-16,25.690001,26.08,25.59,26.01,22.357231,742000
26-Aug-16,26.459999,27,26.110001,26.129999,22.460375,1110800
29-Aug-16,26.059999,26.309999,26.059999,26.25,22.563522,535000
30-Aug-16,26.209999,26.290001,25.82,25.99,22.340033,765200
31-Aug-16,25.790001,26.129999,25.639999,25.82,22.193909,1345300
01-Sep-16,25.860001,26.01,25.639999,25.879999,22.24548,668600
02-Sep-16,26.200001,26.49,25.99,26.1,22.434587,601700
06-Sep-16,26.040001,26.4,26.040001,26.4,22.692453,624100
07-Sep-16,26.299999,26.42,25.889999,25.959999,22.314249,882200
08-Sep-16,26,26.16,25.85,26.040001,22.383013,963000
09-Sep-16,25.82,25.83,25.219999,25.26,21.712557,1107900
12-Sep-16,24.969999,25.91,24.9,25.84,22.2111,1287900
13-Sep-16,25.48,25.48,24.99,25.200001,21.660978,1227000
14-Sep-16,25.280001,25.549999,25.08,25.34,21.781319,1044200
15-Sep-16,25.309999,25.690001,25.16,25.41,21.841488,705900
16-Sep-16,25.02,25.52,25.01,25.33,21.772726,1019100
19-Sep-16,25.75,25.809999,25.34,25.5,21.918852,743600
20-Sep-16,25.6,25.67,25.389999,25.610001,22.013403,420100
21-Sep-16,25.84,26.209999,25.629999,26.16,22.486162,930800
22-Sep-16,26.5,26.799999,26.18,26.27,22.580713,867500
23-Sep-16,26.110001,26.379999,25.870001,25.959999,22.314249,1014300
26-Sep-16,25.969999,26.059999,25.77,25.77,22.150928,443000
27-Sep-16,25.559999,25.84,25.459999,25.719999,22.107958,519000
28-Sep-16,26.02,26.690001,25.860001,26.68,22.933134,952100
29-Sep-16,26.6,26.68,26.299999,26.43,22.718245,1515700
30-Sep-16,26.5,26.700001,26.299999,26.299999,22.606504,923700
03-Oct-16,26.48,26.51,26.139999,26.34,22.640882,908400
04-Oct-16,26.23,26.34,25.940001,26.01,22.357231,974100
05-Oct-16,26.059999,26.690001,26.030001,26.620001,22.881561,1143700
06-Oct-16,26.299999,26.67,26.23,26.309999,22.615095,467600
07-Oct-16,26.530001,26.629999,26.049999,26.219999,22.537737,566100
10-Oct-16,26.49,26.870001,26.469999,26.75,22.993299,775900
11-Oct-16,26.74,26.84,26.129999,26.18,22.503357,1117100
12-Oct-16,26.219999,26.82,26.190001,26.66,22.915941,511500
13-Oct-16,25.790001,26.33,25.790001,26.27,22.580713,544000
14-Oct-16,26.41,26.65,25.940001,26.01,22.357231,802100
17-Oct-16,26.120001,26.450001,26.049999,26.43,22.718245,567600
18-Oct-16,26.790001,26.790001,26.17,26.629999,22.890156,726800
19-Oct-16,26.75,27.43,26.549999,27.4,23.552021,1218900
20-Oct-16,27.24,27.75,27,27.74,23.844269,1283000
21-Oct-16,27.540001,27.75,27.389999,27.4,23.552021,802500
24-Oct-16,27.610001,27.75,27.43,27.700001,23.809889,515700
25-Oct-16,27.98,28.51,27.84,28.040001,24.10214,1216700
26-Oct-16,27.77,28.23,27.629999,28.07,24.127926,1009600
27-Oct-16,28.16,28.33,27.91,28.16,24.205288,680400
28-Oct-16,28.1,28.360001,27.66,27.809999,23.904444,1056400
31-Oct-16,28,28.58,27.99,28.389999,24.402987,1588700
01-Nov-16,28.700001,28.700001,27.780001,27.780001,23.878651,1208600
02-Nov-16,27.610001,27.83,26.799999,26.809999,23.044876,1124800
03-Nov-16,26.940001,27.120001,26.719999,26.77,23.010494,1076900
04-Nov-16,26.639999,27.459999,26.52,27.33,23.49185,1390000
07-Nov-16,27.68,28,27.58,27.959999,24.077419,942000
08-Nov-16,27.99,28.85,27.870001,28.790001,24.792171,1429200
09-Nov-16,29.209999,30.02,29.040001,29.639999,25.524137,2589300
10-Nov-16,30.219999,34.029999,30.219999,33.720001,29.037582,5459500
11-Nov-16,34.610001,34.790001,31.41,32.799999,28.245333,3554400
14-Nov-16,32.869999,33.18,32.580002,33.119999,28.520891,2015700
15-Nov-16,32.34,32.689999,32.009998,32.349998,27.857821,1218000
16-Nov-16,31.780001,32.240002,31.5,31.809999,27.392803,1679000
17-Nov-16,32.099998,32.799999,31.52,31.68,27.280863,1070300
18-Nov-16,31.25,31.76,31.15,31.700001,27.298082,1184900
21-Nov-16,32.139999,32.299999,31.82,31.99,27.54781,920700
22-Nov-16,32.5,32.950001,32.209999,32.93,28.357281,1299400
23-Nov-16,32.619999,33.52,32.459999,33.43,28.787851,1629500
25-Nov-16,33.549999,33.68,33.200001,33.599998,28.934246,775800
28-Nov-16,33.459999,33.5,33.040001,33.110001,28.512285,799700
29-Nov-16,32.189999,32.540001,31.709999,32.32,27.831984,930500
30-Nov-16,32.799999,33.07,32.41,32.830002,28.271173,1505700
01-Dec-16,33.040001,33.389999,32.860001,33.029999,28.44339,1019600
02-Dec-16,32.869999,33.119999,32.73,33.110001,28.512285,693100
05-Dec-16,33.59,33.869999,33.450001,33.84,29.140915,1003900
06-Dec-16,33.709999,34.209999,33.540001,34.16,29.416483,1117300
07-Dec-16,34.5,34.73,33.91,34.43,29.648989,1308900
08-Dec-16,34.68,34.959999,34.279999,34.84,30.002056,1035600
09-Dec-16,34.849998,34.990002,34.66,34.98,30.122614,723300
12-Dec-16,34.970001,35.009998,34.5,34.540001,29.743715,1310200
13-Dec-16,34.189999,34.419998,32.830002,33.34,28.710346,1670100
14-Dec-16,33.09,33.799999,32.950001,33.18,28.572567,944800
15-Dec-16,32.759998,33.470001,32.470001,33.200001,28.589788,801500
16-Dec-16,32.93,32.93,32.369999,32.400002,27.900881,1764100
19-Dec-16,32.189999,32.560001,31.57,31.67,27.272249,1823000
20-Dec-16,31.82,32.43,31.549999,32.41,27.909492,828000
21-Dec-16,32.459999,32.599998,32.209999,32.43,27.92671,709200
22-Dec-16,32.619999,32.619999,31.799999,32.02,27.573639,972100
23-Dec-16,32.02,32.23,31.91,32.09,27.633921,467200
27-Dec-16,32.259998,32.459999,32.060001,32.279999,27.797543,576900
28-Dec-16,32.48,32.720001,32.139999,32.25,27.771709,702400
29-Dec-16,32.34,32.450001,31.84,32.029999,27.582254,753800
30-Dec-16,32.240002,32.389999,31.879999,31.940001,27.504755,589200
03-Jan-17,32.279999,32.490002,32.099998,32.380001,27.883656,852700
04-Jan-17,32.630001,33.5,32.630001,33.470001,28.822298,1181100
05-Jan-17,33.490002,33.849998,33.189999,33.490002,28.839521,966000
06-Jan-17,33.41,33.669998,33.220001,33.59,28.925631,829200
09-Jan-17,33.549999,33.68,33.189999,33.299999,28.675901,663000
10-Jan-17,34.32,34.439999,33.98,34.18,29.433706,1127200
11-Jan-17,34.200001,34.299999,33.52,33.73,29.04619,924500
12-Jan-17,34.09,35.09,33.900002,34.860001,30.019276,1456600
13-Jan-17,34.790001,35.450001,34.459999,35.349998,30.441233,1072800
17-Jan-17,35.049999,35.48,35.040001,35.150002,30.269009,798600
18-Jan-17,35.34,36.240002,35.27,35.889999,30.906248,1182400
19-Jan-17,35.860001,36.150002,35.529999,35.849998,30.87179,791200
20-Jan-17,35.830002,36.43,35.669998,36.009998,31.009583,913600
23-Jan-17,36.48,36.759998,36.189999,36.720001,31.620995,826500
24-Jan-17,37.310001,38.029999,37.25,37.939999,32.671574,1363300
25-Jan-17,37.509998,38.700001,37.279999,38.639999,33.27438,1430900
26-Jan-17,38.220001,38.869999,37.380001,37.82,32.568241,1477000
27-Jan-17,37.610001,38.650002,37.459999,38.439999,33.102158,1381100
30-Jan-17,38.099998,38.599998,37.82,38.360001,33.033253,1771200
31-Jan-17,38.509998,38.849998,37.990002,38.360001,33.033253,1624600
01-Feb-17,38.400002,38.689999,37.779999,38.599998,33.239937,1862200
02-Feb-17,38.549999,39.23,38.439999,39.099998,33.670498,2221700
03-Feb-17,39.099998,39.099998,38.27,38.439999,33.102158,1426200
06-Feb-17,38.32,38.59,37.48,37.869999,32.611301,1561700
07-Feb-17,37.869999,38.150002,37.59,37.950001,32.680202,1172700
08-Feb-17,38.110001,38.98,38.110001,38.700001,33.32605,1695000
09-Feb-17,38.130001,38.369999,37.080002,37.419998,32.223789,1776100
10-Feb-17,38.580002,39.5,37.57,37.959999,32.758842,2030500
13-Feb-17,38.43,39.07,38.32,38.639999,33.345669,1227200
14-Feb-17,38.459999,38.75,38.279999,38.630001,33.337036,1151600
15-Feb-17,38.470001,38.580002,38.099998,38.299999,33.052254,817900
16-Feb-17,38.360001,38.5,37.740002,37.98,32.7761,954900
17-Feb-17,37.779999,37.779999,36.799999,37.299999,32.18927,1438700
21-Feb-17,37.52,38.09,37.240002,38.02,32.810623,1154900
22-Feb-17,37.23,38.16,37.23,37.459999,32.327347,992900
23-Feb-17,37.700001,37.84,36.669998,36.849998,31.800928,1209500
24-Feb-17,36.599998,36.830002,36.130001,36.290001,31.317657,1635700
27-Feb-17,36.5,36.990002,36.369999,36.82,31.775038,2566500
28-Feb-17,36.709999,37.169998,36.560001,36.66,31.636965,1596900
01-Mar-17,37.299999,38.119999,37.259998,37.93,32.732952,1092500
02-Mar-17,37.630001,38.049999,36.849998,36.860001,31.809565,1011600
03-Mar-17,37.029999,37.25,36.650002,37.240002,32.137489,1067900
06-Mar-17,36.650002,36.880001,36.330002,36.82,31.775038,722500
07-Mar-17,36.799999,36.990002,36.43,36.459999,31.464367,954700
08-Mar-17,36.540001,36.619999,35.970001,36.060001,31.119179,774900
09-Mar-17,35.939999,36.110001,35.09,35.150002,30.333858,1771900
10-Mar-17,35.720001,35.959999,35.299999,35.389999,30.540977,986800
13-Mar-17,35.810001,35.91,35.389999,35.639999,30.75672,928300
14-Mar-17,35.369999,35.470001,34.889999,35.07,30.264822,739200
15-Mar-17,35.369999,36.16,35.16,36.049999,31.110542,1080900
16-Mar-17,36.549999,36.560001,35.84,36,31.067392,499700
17-Mar-17,36.32,36.759998,36,36.130001,31.179581,1121500
20-Mar-17,36.189999,36.490002,36.009998,36.400002,31.412586,840000
21-Mar-17,36.34,36.5,35.830002,35.889999,30.972464,1265300
22-Mar-17,35.889999,36.52,35.740002,36.490002,31.490257,1134600
23-Mar-17,36.369999,36.580002,36.09,36.41,31.421215,957500
24-Mar-17,36.360001,36.59,36.209999,36.549999,31.54203,1013000
27-Mar-17,35.549999,35.82,34.779999,35.790001,30.886166,1282900
28-Mar-17,35.740002,36.23,35.650002,36.029999,31.093281,1003200
29-Mar-17,35.91,36.259998,35.580002,36.150002,31.196842,1427700
30-Mar-17,36.189999,36.360001,35.990002,36.200001,31.24,762400
31-Mar-17,36.060001,36.189999,35.689999,35.889999,30.972464,871900
03-Apr-17,36.060001,36.259998,35.509998,36.02,31.084648,468700
04-Apr-17,35.959999,36.23,35.450001,36.139999,31.188208,1200600
05-Apr-17,36.52,36.610001,36.09,36.150002,31.196842,1063200
06-Apr-17,36.290001,36.639999,36.220001,36.360001,31.378071,645400
07-Apr-17,36.130001,36.580002,35.869999,36.23,31.265879,916300
10-Apr-17,36.259998,36.5,35.77,36.189999,31.231356,813800
11-Apr-17,36.630001,36.630001,35.950001,36.48,31.48163,1118000
12-Apr-17,35.91,36.080002,35.189999,35.34,30.497822,1275700
13-Apr-17,35.32,35.709999,34.950001,34.970001,30.178526,376300
17-Apr-17,35.290001,35.450001,35.169998,35.439999,30.584122,476000
18-Apr-17,34.849998,35.25,34.790001,34.959999,30.169888,1026100
19-Apr-17,35.279999,35.419998,34.82,34.900002,30.11812,611000
20-Apr-17,35.380001,35.66,35.110001,35.389999,30.540977,693400
21-Apr-17,35.439999,35.540001,35.130001,35.279999,30.446047,746900
24-Apr-17,35.630001,35.77,35.490002,35.52,30.65316,671200
25-Apr-17,35.709999,35.880001,35.310001,35.700001,30.808495,873200
26-Apr-17,35.209999,36.110001,34.849998,36.060001,31.119179,795300
27-Apr-17,36.119999,36.16,35.07,35.400002,30.549603,656600
28-Apr-17,35.669998,35.669998,35.25,35.369999,30.523706,623400
01-May-17,35.419998,35.57,35.060001,35.259998,30.428787,517100
02-May-17,34.970001,35.740002,34,35.27,30.437414,1029400
03-May-17,34.73,34.889999,33.860001,33.880001,29.237869,1270400
04-May-17,33.700001,33.759998,32.880001,33.009998,28.487074,1745900
05-May-17,33,33.950001,32.990002,33.689999,29.073904,1035600
08-May-17,33.07,33.779999,32.630001,33.709999,29.091167,607700
09-May-17,33.799999,34.009998,33.73,33.830002,29.194725,581900
10-May-17,34.029999,34.400002,33.98,34.169998,29.488132,838800
11-May-17,34.48,35.060001,34.029999,34.919998,30.135372,1208300
12-May-17,34.77,35,34.400002,34.599998,29.859215,672900
15-May-17,34.82,35.040001,34.650002,34.68,30.032415,506900
16-May-17,34.790001,34.970001,34.529999,34.599998,29.963137,801500
17-May-17,34.279999,34.330002,33.639999,33.66,29.149111,990100
18-May-17,33.290001,33.759998,32.98,33.66,29.149111,765900
19-May-17,33.970001,34.830002,33.880001,34.580002,29.94582,520400
22-May-17,34.650002,35.32,34.52,35.099998,30.396132,629900
23-May-17,34.93,35.209999,34.869999,35.009998,30.318193,388400
24-May-17,34.779999,35.200001,34.509998,34.810001,30.144993,570700
25-May-17,34.869999,35.25,34.619999,34.900002,30.222937,461800
26-May-17,34.880001,35.110001,34.709999,34.889999,30.21427,508700
30-May-17,34.869999,35.400002,34.779999,35.110001,30.404791,879900
31-May-17,34.779999,35.029999,34.310001,34.959999,30.274897,821300
01-Jun-17,34.919998,35.16,34.529999,34.720001,30.067057,696900
02-Jun-17,34.610001,34.650002,34.139999,34.529999,29.902515,464500
05-Jun-17,34.459999,34.889999,34.360001,34.689999,30.041073,523700
06-Jun-17,34.639999,35.080002,34.549999,35,30.309528,410500
07-Jun-17,34.939999,35.279999,34.880001,35.060001,30.36149,623100
08-Jun-17,34.970001,36.029999,34.939999,36.009998,31.184172,799100
09-Jun-17,36,36.740002,35.900002,36.27,31.409336,715900
12-Jun-17,36.200001,36.650002,35.830002,35.880001,31.071598,475600
13-Jun-17,35.91,36.18,35.82,36.16,31.314072,434900
14-Jun-17,36.299999,36.299999,35.25,35.34,30.603962,641500
15-Jun-17,34.98,35.139999,34.169998,34.349998,29.746635,793000
16-Jun-17,34.330002,34.82,34.139999,34.439999,29.824574,888600
19-Jun-17,34.560001,34.950001,34.560001,34.720001,30.067057,392100
20-Jun-17,34.330002,34.41,33.630001,33.669998,29.15777,604100
21-Jun-17,33.900002,34.400002,33.66,34.009998,29.452206,402400
22-Jun-17,34.080002,34.77,34.029999,34.389999,29.781281,570400
23-Jun-17,34.689999,35.049999,34.279999,34.880001,30.205612,1206500
26-Jun-17,35.040001,35.150002,34.66,35.029999,30.335514,558600
27-Jun-17,35.290001,35.599998,34.349998,34.360001,29.755306,688900
28-Jun-17,34.720001,34.860001,34.380001,34.580002,29.94582,628000
29-Jun-17,34.700001,35.209999,34.509998,34.77,30.110355,902000
30-Jun-17,34.790001,34.950001,34.59,34.630001,29.989117,477300
03-Jul-17,34.75,35.200001,34.66,35.09,30.387466,487800
05-Jul-17,34.970001,35.369999,34.509998,35.25,30.526024,777200
06-Jul-17,35.259998,35.419998,34.509998,34.75,30.093033,1172600
07-Jul-17,34.790001,35.200001,34.759998,34.98,30.292215,458700
10-Jul-17,34.790001,36.09,34.52,35.790001,30.993656,736900
11-Jul-17,35.869999,36.200001,35.57,35.98,31.158197,665200
12-Jul-17,36.349998,36.779999,36.110001,36.400002,31.52191,949700
13-Jul-17,36.360001,36.689999,36.360001,36.57,31.669128,472700
14-Jul-17,36.790001,37.169998,36.77,37.09,32.119442,575400
17-Jul-17,37.189999,38.040001,37.110001,37.93,32.846874,837100
18-Jul-17,37.849998,38.16,37.599998,37.810001,32.742958,511600
19-Jul-17,37.849998,38.189999,37.849998,37.970001,32.881504,588500
20-Jul-17,38,38.099998,37.669998,37.73,32.673664,672400
21-Jul-17,37.57,37.950001,37.380001,37.830002,32.760273,425500
24-Jul-17,37.799999,38.16,37.529999,38.139999,33.028728,530400
25-Jul-17,38.98,39.66,38.799999,39.349998,34.076569,914800
26-Jul-17,39.470001,39.82,39.169998,39.720001,34.396996,851800
27-Jul-17,39.849998,39.93,38.830002,39.330002,34.059258,786400
28-Jul-17,39.200001,39.619999,39.139999,39.459999,34.171829,528200
31-Jul-17,39.540001,39.939999,39.25,39.34,34.067917,721400
01-Aug-17,39.330002,39.650002,39.099998,39.52,34.223785,989800
02-Aug-17,39.380001,39.5,38.860001,39.389999,34.111206,806500
03-Aug-17,39.389999,39.669998,39,39.439999,34.154518,759500
04-Aug-17,39.43,39.43,38.580002,38.720001,33.530994,1088300
07-Aug-17,38.91,39.23,38.689999,38.849998,33.765667,630900
08-Aug-17,38.73,39.470001,38.450001,39.279999,34.139389,655500
09-Aug-17,39.16,39.400002,39.07,39.25,34.113312,550100
10-Aug-17,39.330002,39.349998,38.419998,38.549999,33.504932,792400
11-Aug-17,37.599998,38.540001,37.130001,38.380001,33.357178,839800
14-Aug-17,38.599998,39.169998,38.380001,39.110001,33.991638,802000
15-Aug-17,38.990002,39.07,38.580002,38.610001,33.557076,797600
16-Aug-17,38.52,40.23,38.490002,39.91,34.686947,1833700
17-Aug-17,39.709999,39.93,38.990002,39.02,33.91341,1043400
18-Aug-17,39.080002,39.419998,38.869999,39.119999,34.000324,704000
21-Aug-17,39.459999,40.310001,39.43,40.060001,34.817307,674400
22-Aug-17,40.43,41.209999,40.43,40.82,35.477856,996900
23-Aug-17,40.59,41.200001,40.330002,40.689999,35.364861,602700
24-Aug-17,40.700001,41.130001,40.459999,41.110001,35.729904,507200
25-Aug-17,41.279999,41.52,40.700001,40.720001,35.390938,721400
28-Aug-17,40.959999,41.77,40.860001,41.77,36.303528,1121200
29-Aug-17,41.650002,41.650002,41.139999,41.41,35.990646,1318700
30-Aug-17,41.360001,41.360001,40.130001,40.27,34.999825,1372200
31-Aug-17,40.900002,40.900002,40.029999,40.700001,35.373558,1046400
01-Sep-17,41.009998,41.41,40.889999,41.299999,35.895027,626100
05-Sep-17,41.310001,42,40.25,40.689999,35.364861,1367900
06-Sep-17,40.900002,41.25,40.650002,41.240002,35.84288,819800
07-Sep-17,41.299999,41.470001,40.84,41.049999,35.677746,950000
08-Sep-17,40.799999,40.799999,39.32,39.59,34.408821,1087000
11-Sep-17,39.799999,40.259998,39.799999,40.130001,34.878147,642600
12-Sep-17,40.110001,40.459999,39.950001,40,34.76516,589200
13-Sep-17,39.34,39.82,39.099998,39.32,34.174152,923500
14-Sep-17,39.009998,39.259998,38.580002,39.220001,34.08725,753100
15-Sep-17,39.189999,39.650002,39.060001,39.349998,34.200233,1273600
18-Sep-17,39.450001,39.939999,39.450001,39.880001,34.660866,1383100
19-Sep-17,39.970001,40.68,39.75,40.549999,35.243179,860400
20-Sep-17,40.52,40.73,39.560001,39.75,34.547882,744100
21-Sep-17,39.459999,39.84,39.18,39.619999,34.434891,915300
22-Sep-17,39.369999,39.75,38.950001,39.110001,33.991638,576000
25-Sep-17,39.02,39.23,38.830002,39.029999,33.922104,522700
26-Sep-17,39.209999,39.389999,38.669998,38.68,33.617912,779600
27-Sep-17,38.790001,39.009998,38.34,38.900002,33.809116,825900
28-Sep-17,38.740002,39.98,38.59,39.619999,34.434891,1089000
29-Sep-17,39.810001,40.009998,39.349998,39.759998,34.556576,743900
02-Oct-17,39.639999,39.98,39.189999,39.759998,34.556576,1190700
03-Oct-17,39.959999,40.84,39.689999,40.830002,35.486546,994200
04-Oct-17,40.950001,41.200001,40.869999,41.110001,35.729904,847100
05-Oct-17,41.639999,42.509998,41.59,41.830002,36.355675,1392700
06-Oct-17,41.580002,41.799999,41.209999,41.639999,36.190536,834200
09-Oct-17,41.77,41.77,40.860001,40.950001,35.590836,1012900
10-Oct-17,41.110001,41.689999,41.009998,41.549999,36.112312,901100
11-Oct-17,41.450001,42.450001,41.419998,41.73,36.268757,1087300
12-Oct-17,41.82,42.459999,41.639999,42.459999,36.90321,1238500
13-Oct-17,43.029999,43.360001,42.950001,43.16,37.511612,1335600
16-Oct-17,43.52,44.150002,43.259998,43.700001,37.980942,1332300
17-Oct-17,43.5,43.619999,42.709999,43.48,37.789726,711400
18-Oct-17,43.240002,43.73,43.009998,43.43,37.746273,814500
19-Oct-17,43.200001,43.549999,42.779999,43.290001,37.624611,786800
20-Oct-17,43.650002,43.889999,43.040001,43.130001,37.485535,957900
23-Oct-17,42.919998,43.619999,42.68,43.419998,37.737583,914700
24-Oct-17,43.529999,44.689999,43.450001,44.369999,38.563259,1586400
25-Oct-17,44.360001,44.439999,43.02,43.650002,37.937489,1393300
26-Oct-17,43.709999,43.900002,43.080002,43.220001,37.563763,1427100
27-Oct-17,42.290001,42.849998,41.669998,42.48,36.920605,917000
30-Oct-17,42.389999,43.119999,42.200001,42.77,37.172649,853300
31-Oct-17,42.709999,43.459999,42.529999,42.950001,37.329098,1490400
01-Nov-17,43.810001,44.23,42.84,43,37.372555,927400
02-Nov-17,42.790001,43.450001,42.790001,42.939999,37.320396,579400
03-Nov-17,43.23,43.27,42.48,42.889999,37.276951,689600
06-Nov-17,43.169998,44.560001,42.889999,44.459999,38.641479,1026400
07-Nov-17,44.09,44.279999,43.68,44.02,38.475414,908900
08-Nov-17,44.09,44.59,43.77,44.389999,38.798805,812900
09-Nov-17,44,44.25,43.080002,44.09,38.536594,1141600
10-Nov-17,44.380001,44.48,43.82,43.91,38.379269,958400
13-Nov-17,43.880001,44.310001,43.580002,43.93,38.396748,690800
14-Nov-17,43.5,43.5,42.720001,42.900002,37.496483,660300
15-Nov-17,42.52,42.68,41.869999,42.389999,37.05072,892100
16-Nov-17,42.73,43.060001,42.459999,42.459999,37.111893,868600
17-Nov-17,42.509998,43,42.48,42.950001,37.540188,831300
20-Nov-17,43,43.220001,42.650002,43.130001,37.69751,551400
21-Nov-17,43.549999,43.889999,43.439999,43.740002,38.230675,1153300
22-Nov-17,44,44.200001,43.43,43.810001,38.291862,1198300
24-Nov-17,43.950001,44.25,43.830002,44.130001,38.57156,204900
27-Nov-17,44,44.200001,42.970001,43.16,37.723736,771300
28-Nov-17,43,43.27,42.57,43.060001,37.636326,1182000
29-Nov-17,42.73,43.060001,41.43,42.5,37.14687,1408700
30-Nov-17,42.84,43,41.98,42.049999,36.753548,1533100
01-Dec-17,42.150002,42.810001,41.849998,42.759998,37.374115,1243500
04-Dec-17,43.220001,43.580002,42.810001,43.119999,37.68877,997000
05-Dec-17,42.209999,42.709999,41.98,42.419998,37.076942,2161000
06-Dec-17,42.389999,42.779999,41.900002,42.189999,36.875916,1409000
07-Dec-17,41.98,42.389999,41.77,42.25,36.928356,1035700
08-Dec-17,42.540001,42.599998,41.860001,41.990002,36.701099,951600
11-Dec-17,42.060001,42.52,41.66,42.330002,36.998272,981300
12-Dec-17,42.529999,42.869999,42.23,42.279999,36.954575,1166000
13-Dec-17,42.470001,43.23,42.380001,43.23,37.78492,1068500
14-Dec-17,43.139999,43.610001,42.880001,42.91,37.505222,738300
15-Dec-17,43.220001,43.59,43.099998,43.32,37.863575,1512000
18-Dec-17,43.880001,44.799999,43.849998,44.599998,38.982357,1486000
19-Dec-17,44.619999,45.119999,44.299999,45.009998,39.340717,1125600
20-Dec-17,45.799999,46.310001,45.57,46.130001,40.319641,1042900
21-Dec-17,46.360001,46.779999,46.16,46.459999,40.608078,1313500
22-Dec-17,46.529999,46.610001,46.099998,46.209999,40.389568,565100
26-Dec-17,46.259998,46.619999,45.82,46.57,40.70422,482600
27-Dec-17,46.790001,47.369999,46.689999,47.09,41.158726,638400
28-Dec-17,47.34,47.799999,47.139999,47.630001,41.630711,730900
29-Dec-17,47.799999,47.93,47.099998,47.450001,41.473385,736200
02-Jan-18,47.939999,48.900002,47.939999,48.900002,42.740742,932000
03-Jan-18,48.799999,49.060001,48.34,48.990002,42.819405,829900
04-Jan-18,49.220001,49.349998,48.73,48.740002,42.600903,632200
05-Jan-18,48.619999,49.349998,48.5,49.119999,42.933037,535800
08-Jan-18,49.209999,49.459999,48.990002,49.349998,43.13406,839400
09-Jan-18,49.32,49.330002,48.73,49.060001,42.880592,956300
10-Jan-18,49.389999,49.860001,49.299999,49.459999,43.230213,1062700
11-Jan-18,49.73,50.110001,49.369999,50.099998,43.789597,967400
12-Jan-18,50.32,50.32,49.82,49.93,43.641014,558100
16-Jan-18,49.799999,49.919998,49.240002,49.34,43.125332,832200
17-Jan-18,49.389999,50.09,49.34,49.830002,43.553608,658300
18-Jan-18,49.830002,49.919998,49.419998,49.52,43.282658,761100
19-Jan-18,49.66,50.360001,49.619999,50.34,43.999363,772800
22-Jan-18,49.349998,50.139999,49.150002,50.09,43.780853,960200
23-Jan-18,49.77,49.77,48.900002,49.16,42.968006,1233000
24-Jan-18,49.939999,50.09,49.52,49.990002,43.693459,1004500
25-Jan-18,50.580002,50.900002,49.939999,50.049999,43.745895,850900
26-Jan-18,50.119999,50.73,50.119999,50.630001,44.252838,431600
29-Jan-18,50.580002,50.689999,49.73,49.75,43.483681,546600
30-Jan-18,49.540001,49.810001,48.009998,48.029999,41.980324,1212200
31-Jan-18,48.619999,48.700001,48.09,48.549999,42.434834,786100
01-Feb-18,48.299999,49.369999,48.27,49.150002,42.959259,653600
02-Feb-18,48.619999,48.77,46.779999,47.400002,41.42968,1057700
05-Feb-18,46.720001,48.560001,46.049999,46.849998,40.948956,1461700
06-Feb-18,46,48.290001,46,48.02,41.971588,1228700
07-Feb-18,47.59,47.73,47.02,47.220001,41.272354,1161600
08-Feb-18,47.220001,47.32,45.189999,45.470001,39.742786,1418000
09-Feb-18,45.990002,46.900002,45.32,46.5,40.64304,1558100
12-Feb-18,46.599998,47.189999,46.59,46.869999,41.232449,553400
13-Feb-18,46.82,48.360001,46.82,48.299999,42.490448,918700
14-Feb-18,47.75,51.25,47.560001,51.040001,44.900883,1823100
15-Feb-18,51.240002,51.639999,50.209999,50.810001,44.698544,1265200
16-Feb-18,50.48,51.369999,50.299999,50.5,44.425831,799700
20-Feb-18,49.91,51.09,49.290001,50.470001,44.399437,781200
21-Feb-18,50.490002,51.029999,49.84,49.84,43.845219,1021600
22-Feb-18,50.330002,50.950001,50.240002,50.68,44.584187,926100
23-Feb-18,50.849998,52.220001,50.849998,52.169998,45.894966,1538100
26-Feb-18,52.650002,53.869999,52.509998,53.779999,47.311317,1578900
27-Feb-18,53.450001,53.84,52.939999,53.419998,46.994617,2085300
28-Feb-18,53.209999,53.48,52.610001,52.73,46.387608,1989400
01-Mar-18,53.009998,53.400002,52.09,53.099998,46.713108,1451400
02-Mar-18,52.720001,52.98,51.919998,52.950001,46.581146,1331800
05-Mar-18,52.5,53.599998,52.41,53.259998,46.853855,1085100
06-Mar-18,54,55.52,54,54.75,48.164639,1596800
07-Mar-18,54.150002,54.900002,53.77,54.810001,48.217426,1230000
08-Mar-18,54.470001,54.470001,53.630001,53.959999,47.469666,1059400
09-Mar-18,54.02,55.060001,54.02,54.560001,47.997498,1191400
12-Mar-18,54.630001,54.790001,53.599998,54.389999,47.847939,919800
13-Mar-18,54.540001,54.970001,54.110001,54.209999,47.68959,883400
14-Mar-18,54.799999,55,54.450001,54.700001,48.120659,909100
15-Mar-18,54.799999,54.860001,54.220001,54.5,47.944714,638100
16-Mar-18,54.650002,55.110001,54.299999,54.66,48.085464,1168000
19-Mar-18,54.25,54.540001,53.900002,54.439999,47.89193,630400
20-Mar-18,54.790001,55.48,54.07,55.119999,48.490135,1247100
21-Mar-18,55.389999,56.610001,55.27,55.849998,49.132332,1231100
22-Mar-18,54.970001,55.529999,53.939999,54.310001,47.777565,964100
23-Mar-18,54.599998,54.599998,53.450001,53.459999,47.029808,1074700
26-Mar-18,54.060001,54.119999,52.849998,54.009998,47.513649,1089300
27-Mar-18,54.150002,54.509998,53.099998,53.380001,46.959427,722300
28-Mar-18,53.130001,53.389999,52.16,52.43,46.123688,823700
29-Mar-18,52.950001,54.57,52.5,54.18,47.6632,1073700
02-Apr-18,54.330002,55.700001,54.060001,54.23,47.707188,1133500
03-Apr-18,54.43,55.009998,54.150002,54.84,48.243816,918100
04-Apr-18,54.150002,55.790001,53.389999,55.5,48.824432,1257300
05-Apr-18,55.93,56.66,55.799999,56.09,49.343464,972900
06-Apr-18,55.799999,55.939999,54.43,54.720001,48.138252,715400
09-Apr-18,54.889999,54.93,54.139999,54.369999,47.830353,1056200
10-Apr-18,55.990002,56.75,55.48,56.18,49.422646,1210500
11-Apr-18,55.880001,56.509998,55.619999,55.869999,49.149925,832300
12-Apr-18,55.84,56.349998,55.439999,56.09,49.343464,881200
13-Apr-18,55,55.299999,54.41,54.900002,48.2966,1341400
16-Apr-18,55.450001,56.209999,55.189999,55.82,49.105942,784800
17-Apr-18,56.200001,56.709999,55.880001,56.599998,49.79211,732700
18-Apr-18,57.509998,58.09,57.220001,57.34,50.443115,1226400
19-Apr-18,56.91,57.209999,56,57.080002,50.214386,1085900
20-Apr-18,56.900002,56.970001,55.950001,56.16,49.405041,635700
23-Apr-18,55.560001,56,55.25,55.369999,48.71006,877400
24-Apr-18,55.990002,56.029999,54.080002,54.650002,48.076668,956400
25-Apr-18,54.360001,54.689999,52.799999,53.02,46.642731,1582000
26-Apr-18,52.48,54.040001,51.360001,53.32,46.906639,2049800
27-Apr-18,52.740002,53.34,51.939999,53.27,46.862656,1628500
30-Apr-18,53.299999,53.560001,52.799999,52.810001,46.457989,1026500
01-May-18,52.509998,52.720001,50.529999,51.75,45.525482,1190100
02-May-18,52.349998,52.48,51.630001,51.740002,45.516693,800000
03-May-18,51.860001,52.200001,51.560001,51.810001,45.57827,920700
04-May-18,51.529999,53.189999,51.34,52.959999,46.589947,1174900
07-May-18,52.990002,53.25,51.830002,52.080002,45.815792,969000
08-May-18,51.509998,52.380001,50.779999,51.07,45.187565,1035200
09-May-18,51.470001,51.860001,51.02,51.610001,45.665379,1095700
10-May-18,52.060001,52.509998,51.799999,52.330002,46.302441,1393900
11-May-18,52.66,52.799999,51.689999,51.77,45.80695,643700
14-May-18,51.68,52.040001,51.439999,51.779999,45.815784,592000
15-May-18,51.380001,51.799999,50.59,51.779999,45.815784,856600
16-May-18,52,52.599998,51.5,52.029999,46.036991,1303800
17-May-18,52.139999,52.41,51.900002,51.990002,46.001606,413900
18-May-18,51.459999,51.669998,50.880001,51.349998,45.435307,1045200
21-May-18,51.84,52.029999,51.419998,51.650002,45.700768,844100
22-May-18,52.099998,52.279999,51.57,51.779999,45.815784,497800
23-May-18,51.279999,51.279999,50.169998,51.150002,45.258362,698100
24-May-18,51.259998,51.48,50.830002,51.349998,45.435307,777500
25-May-18,51,51.060001,49.810001,50.049999,44.285057,723200
29-May-18,49.439999,49.889999,48.240002,48.32,42.754322,968200
30-May-18,48.830002,49.709999,48.470001,49.34,43.656837,1064500
31-May-18,49.5,49.990002,48.73,48.889999,43.258671,1219800
01-Jun-18,49.139999,49.549999,48.939999,49.259998,43.586052,760700
04-Jun-18,49.66,50.209999,49.349998,49.630001,43.913437,768100
05-Jun-18,49.900002,51.360001,49.880001,51.27,45.36454,1074900
06-Jun-18,51.900002,52.630001,51.790001,52.59,46.532482,1289700
07-Jun-18,52.540001,52.549999,50.970001,51.59,45.647671,854600
08-Jun-18,51.619999,51.869999,51.099998,51.459999,45.53265,678200
11-Jun-18,51.380001,51.799999,51.200001,51.32,45.408779,650400
12-Jun-18,51.32,51.459999,50.82,51.139999,45.249512,504500
13-Jun-18,51.18,51.459999,50.130001,50.509998,44.692078,627200
14-Jun-18,50.610001,50.77,50.099998,50.27,44.479717,719500
15-Jun-18,49.68,49.68,48.110001,48.57,42.975529,1336800
18-Jun-18,48.139999,48.66,47.830002,48.599998,43.002075,799200
19-Jun-18,47.52,47.82,46.669998,47.259998,41.816422,931000
20-Jun-18,47.529999,47.529999,46.66,47.040001,41.621761,937600
21-Jun-18,47.009998,47.009998,46.5,46.669998,41.29438,643700
22-Jun-18,47.380001,47.599998,46.66,46.720001,41.338619,1599700
25-Jun-18,46.400002,46.639999,45.66,46.560001,41.197052,1908300
26-Jun-18,46.709999,47,46.400002,46.959999,41.550976,981200
27-Jun-18,46.52,46.84,46,46.009998,40.710392,935200
28-Jun-18,45.75,46,44.73,45.900002,40.613075,994000
29-Jun-18,46.360001,47.080002,46.040001,46.869999,41.471344,913400
02-Jul-18,45.880001,46.369999,45.049999,45.439999,40.206051,994200
03-Jul-18,45.849998,45.939999,44.389999,44.599998,39.462811,898500
05-Jul-18,44.669998,45.619999,44.540001,45.41,40.179508,1308600
06-Jul-18,45.189999,46.02,44.650002,45.790001,40.515739,1190600
09-Jul-18,46.470001,46.599998,45.950001,46.490002,41.135117,722200
10-Jul-18,46.259998,46.689999,45.919998,46.310001,40.975845,696500
11-Jul-18,45.330002,45.779999,44.150002,44.52,39.392029,1077400
12-Jul-18,44.84,45.220001,44.099998,44.790001,39.630928,1602600
13-Jul-18,44.82,45.279999,44.490002,45.09,39.89637,1285300
16-Jul-18,45.150002,45.279999,44.580002,44.720001,39.568993,1018600
17-Jul-18,44.610001,45.34,44.610001,45.110001,39.91407,1288300
18-Jul-18,45.299999,45.849998,45.139999,45.619999,40.365314,867600
19-Jul-18,44.709999,44.75,43.540001,43.580002,38.560303,934400
20-Jul-18,43.669998,44.200001,43.669998,43.77,38.728409,1254100
23-Jul-18,43.889999,44.610001,43.650002,44.439999,39.321232,2004200
24-Jul-18,46.139999,47.299999,45.82,46.5,41.143955,1879500
25-Jul-18,46.459999,47.540001,46.389999,47.490002,42.019928,1063300
26-Jul-18,47.189999,47.73,46.950001,47.689999,42.196892,1201200
27-Jul-18,48.040001,48.080002,47.580002,47.889999,42.373856,1075200
30-Jul-18,47.950001,48.290001,47.720001,48.07,42.533119,1227700
31-Jul-18,48.619999,49.560001,47.43,49.360001,43.674534,1240500
01-Aug-18,48.650002,49.029999,47.360001,47.779999,42.276527,1163300
02-Aug-18,46.919998,47.110001,46.09,46.880001,41.480186,1040700
03-Aug-18,47,47.700001,46.790001,47.57,42.090717,664200
06-Aug-18,47.189999,47.189999,46.450001,46.57,41.205898,1086800
07-Aug-18,46.990002,47.119999,45.779999,45.889999,40.956001,748600
08-Aug-18,45.900002,46.060001,45.599998,45.68,40.768578,714000
09-Aug-18,45.68,46.110001,45.470001,45.689999,40.777504,736700
10-Aug-18,45.040001,45.619999,44.540001,45.310001,40.438362,943000
13-Aug-18,45.310001,45.630001,44.419998,44.540001,39.751152,866200
14-Aug-18,44.709999,44.77,43.779999,43.98,39.251358,1273800
15-Aug-18,43.189999,43.189999,41.740002,42.23,37.689518,1319600
16-Aug-18,42.740002,43.279999,42.049999,42.91,38.29641,961700
17-Aug-18,42.900002,43.830002,42.75,43.630001,38.938988,562000
20-Aug-18,43.830002,44.099998,43.490002,43.779999,39.072865,819700
21-Aug-18,43.709999,44.389999,43.59,43.990002,39.260288,580200
22-Aug-18,44.279999,44.5,43.939999,44.380001,39.608353,429900
23-Aug-18,44.009998,44.009998,43.209999,43.279999,38.626629,636700
24-Aug-18,44.220001,44.450001,43.66,44.369999,39.599426,560700
27-Aug-18,44.490002,45.619999,44.470001,45.380001,40.500839,672000
28-Aug-18,45.98,45.98,45.48,45.700001,40.78643,844500
29-Aug-18,45.610001,45.939999,45.240002,45.369999,40.491909,774500
30-Aug-18,44.970001,45.130001,43.439999,43.709999,39.010387,625300
31-Aug-18,43.459999,44.060001,43.209999,43.639999,38.94791,448200
04-Sep-18,42.759998,42.849998,41.779999,42.349998,37.796612,909600
05-Sep-18,42.349998,42.459999,41.810001,42.209999,37.671665,1369600
06-Sep-18,42.560001,42.799999,41.360001,41.450001,36.993385,1404200
07-Sep-18,41.130001,41.389999,40.389999,40.439999,36.091976,1469100
10-Sep-18,40.639999,40.639999,39.970001,40.040001,35.734978,1196100
11-Sep-18,39.66,40.029999,39.18,39.799999,35.520782,996400
12-Sep-18,39.970001,41.419998,39.959999,41.110001,36.689941,1204900
13-Sep-18,41.869999,42.34,40.720001,41.18,36.752411,1046900
14-Sep-18,41.27,41.639999,41.119999,41.360001,36.913059,459700
17-Sep-18,41.5,41.66,41.009998,41.099998,36.681011,741800
18-Sep-18,41.93,42.029999,41.470001,41.810001,37.314671,870300
19-Sep-18,41.389999,42.66,41.32,42.369999,37.814461,904100
20-Sep-18,43.259998,43.580002,42.759998,43.259998,38.608776,839100
21-Sep-18,43.950001,44.59,43.75,44.259998,39.501251,1311400
24-Sep-18,44.209999,44.43,43.419998,43.43,38.76049,629500
25-Sep-18,43.610001,43.869999,43.209999,43.799999,39.090717,831300
26-Sep-18,43.450001,44.189999,43.310001,43.540001,38.858673,634600
27-Sep-18,43.139999,43.52,42.849998,43.34,38.680168,663900
28-Sep-18,43.25,43.709999,43.139999,43.139999,38.501671,657200
01-Oct-18,43.189999,43.290001,42.32,43.189999,38.546299,896400
02-Oct-18,43.369999,43.91,43.259998,43.619999,38.930077,634200
03-Oct-18,43.860001,44.139999,43.349998,43.75,39.046093,975500
04-Oct-18,43.970001,44.150002,42.57,42.66,38.073284,770300
05-Oct-18,42.23,42.349998,41.349998,42.27,37.725216,1048800
08-Oct-18,41.98,42.630001,41.650002,42.43,37.868015,749200
09-Oct-18,42.220001,42.509998,41.790001,42.220001,37.680595,689000
10-Oct-18,41.990002,42.02,40.77,41.349998,36.904129,960700
11-Oct-18,41.18,42.810001,41.18,42.689999,38.10006,1381200
12-Oct-18,43.310001,43.43,41.740002,41.759998,37.27005,1041800
15-Oct-18,41.939999,42.580002,41.84,42.139999,37.609196,916800
16-Oct-18,42.029999,42.41,41.52,41.900002,37.394997,825200
17-Oct-18,42.07,42.27,41.689999,41.860001,37.359299,626900
18-Oct-18,41.27,41.450001,39.959999,40,35.69928,1219100
19-Oct-18,40.139999,40.279999,38.150002,38.279999,34.164211,1787900
22-Oct-18,38.560001,38.790001,37.900002,38.259998,34.146366,1170100
23-Oct-18,37.490002,37.509998,36.540001,37.189999,33.191402,1206100
24-Oct-18,37.189999,37.93,35.849998,35.91,32.049034,1403700
25-Oct-18,36.27,37.57,36.240002,36.970001,32.995068,1213200
26-Oct-18,36.07,37.639999,36.07,37.400002,33.378834,959300
29-Oct-18,38.009998,38.169998,35.59,35.869999,32.013332,890700
30-Oct-18,35.779999,36.830002,35.720001,36.799999,32.843334,1011200
31-Oct-18,37.189999,38.380001,37.16,38.34,34.217766,1600100
01-Nov-18,38.959999,40.200001,38.700001,39.77,35.494011,1756200
02-Nov-18,41.360001,41.419998,40.209999,40.610001,36.243698,1178600
05-Nov-18,40.59,40.860001,39.169998,39.610001,35.351219,975000
06-Nov-18,39.09,39.75,39.07,39.720001,35.811024,787700
07-Nov-18,39.860001,40.060001,39.48,39.720001,35.811024,614800
08-Nov-18,39.48,39.93,38.849998,39.049999,35.206955,661600
09-Nov-18,38.220001,38.279999,37.59,37.93,34.197182,781500
12-Nov-18,37.27,37.77,36.529999,36.880001,33.250515,681700
13-Nov-18,37.009998,37.290001,36.16,36.57,32.971027,783900
14-Nov-18,36.549999,37.220001,36.549999,37.040001,33.394772,737800
15-Nov-18,36.950001,38.119999,36.799999,37.740002,34.02589,610600
16-Nov-18,37.740002,38.099998,37.389999,37.810001,34.088997,395800
19-Nov-18,37.849998,37.889999,37.099998,37.27,33.602139,346100
20-Nov-18,36.709999,36.880001,35.369999,35.599998,32.096481,815300
21-Nov-18,35.990002,36.459999,35.509998,35.889999,32.357952,1571700
23-Nov-18,34.860001,34.860001,31.17,32.119999,28.958965,3247300
26-Nov-18,31.690001,33.540001,31.690001,31.940001,28.796677,2497300
27-Nov-18,31.620001,33.27,31.5,32.990002,29.743343,1177100
28-Nov-18,33.209999,34.130001,32.549999,33.849998,30.518705,876300
29-Nov-18,33.860001,34.290001,33.290001,33.540001,30.239216,642000
30-Nov-18,33.34,33.549999,32.880001,33.48,30.185116,761600
03-Dec-18,34.599998,34.990002,33.389999,33.700001,30.383472,1606500
04-Dec-18,33.779999,34.049999,32.709999,32.810001,29.581059,975600
06-Dec-18,32,32.43,31.26,32.41,29.220423,1018900
07-Dec-18,32.689999,33.049999,32.5,32.68,29.463852,1068000
10-Dec-18,32.700001,32.889999,32.189999,32.259998,29.085188,957300
11-Dec-18,32.98,33.299999,31.639999,32.150002,28.986013,793900
12-Dec-18,32.150002,32.810001,31.940001,31.99,28.841761,885800
13-Dec-18,32.610001,32.779999,31.870001,32.080002,28.922905,701700
14-Dec-18,31.389999,32.220001,31.110001,31.700001,28.580299,740300
17-Dec-18,31.68,32.299999,31.08,31.16,28.093443,755100
18-Dec-18,31.27,31.85,30.98,31.23,28.156551,1111400
19-Dec-18,31.530001,32.119999,29.870001,30.27,27.291029,981000
20-Dec-18,30.51,30.99,29.42,29.780001,26.849251,1325800
21-Dec-18,29.889999,30.610001,29.799999,30.200001,27.227917,1769800
24-Dec-18,30.15,30.290001,29.57,29.879999,26.939411,409500
26-Dec-18,30.24,30.82,29.4,30.82,27.786901,716300
27-Dec-18,30.190001,31.040001,29.870001,31.040001,27.985252,589700
28-Dec-18,31.190001,31.42,30.379999,30.59,27.579538,933600
31-Dec-18,30.540001,30.969999,29.959999,30.77,27.741823,856000
02-Jan-19,30.110001,30.530001,29.559999,30.190001,27.218903,1867600
03-Jan-19,30.030001,30.379999,29.01,29.209999,26.335346,1686700
04-Jan-19,30.16,31.82,30.030001,31.139999,28.075409,1772100
07-Jan-19,31.24,31.889999,31.120001,31.32,28.237692,1024100
08-Jan-19,31.48,31.799999,31.18,31.719999,28.59833,1070400
09-Jan-19,31.719999,32.290001,31.68,31.92,28.778646,1042300
10-Jan-19,31.5,31.959999,31.309999,31.91,28.76963,1403000
11-Jan-19,31.84,32.029999,31.35,31.709999,28.589314,1109100
14-Jan-19,31.32,32.23,31.32,32.23,29.058138,1123800
15-Jan-19,32.400002,32.849998,30.52,30.700001,27.678713,1765400
16-Jan-19,30.700001,31.540001,30.67,31.379999,28.291788,1046400
17-Jan-19,31.200001,32.220001,31.200001,32.009998,28.859789,793400
18-Jan-19,32.279999,32.669998,32.080002,32.290001,29.112238,1086600
22-Jan-19,31.870001,31.98,31.41,31.809999,28.679472,941500
23-Jan-19,31.809999,31.860001,31,31.200001,28.129507,780600
24-Jan-19,30.74,31.52,30.74,31.059999,28.003283,882600
25-Jan-19,31.9,32.720001,31.74,32.240002,29.067156,961100
28-Jan-19,31.75,31.950001,31.450001,31.77,28.64341,942600
29-Jan-19,32.66,33.02,32.380001,32.720001,29.499922,1518700
30-Jan-19,33.290001,33.990002,32.779999,33.709999,30.39249,1953000
31-Jan-19,33.560001,34.240002,33.400002,33.619999,30.311342,1574900
01-Feb-19,33.369999,33.82,33.220001,33.470001,30.176109,748200
04-Feb-19,33.389999,33.950001,33.240002,33.77,30.446587,678200
05-Feb-19,33.650002,34.57,33.650002,33.939999,30.599852,1046400
06-Feb-19,33.830002,34.369999,33.799999,34.299999,30.924425,1085900
07-Feb-19,34.150002,34.150002,32.700001,32.919998,29.680233,1338900
08-Feb-19,32.43,32.75,32.080002,32.540001,29.738726,980500
11-Feb-19,32.009998,32.200001,31.09,31.17,28.841196,1403800
12-Feb-19,31.1,31.700001,29.98,30.200001,27.94367,1759800
13-Feb-19,30.459999,30.82,30.309999,30.620001,28.332287,1218100
14-Feb-19,30.52,31.58,30.33,31.440001,29.091024,1216500
15-Feb-19,32.189999,33.09,32.130001,32.5,30.071823,1909700
19-Feb-19,33.57,34.939999,33.25,34.41,31.839123,2173700
20-Feb-19,35.310001,36.049999,35.009998,35.830002,33.153034,2491200
21-Feb-19,35.77,35.959999,35.27,35.860001,33.18079,1770000
22-Feb-19,36.34,36.98,36.080002,36.189999,33.486134,1514500
25-Feb-19,36.389999,37.139999,36.349998,36.880001,34.124584,1424100
26-Feb-19,36.82,37.049999,36.470001,36.790001,34.041309,1166600
27-Feb-19,36.860001,37.23,36.580002,36.720001,33.97654,939400
28-Feb-19,36.73,36.73,35.599998,35.610001,32.949467,957400
01-Mar-19,35.599998,36.099998,35.560001,35.77,33.097515,1028700
04-Mar-19,36,36.18,35.07,35.73,33.060497,1083900
05-Mar-19,35.709999,36.299999,35.549999,36.25,33.541649,979100
06-Mar-19,36.32,36.509998,36.110001,36.130001,33.430614,918000
07-Mar-19,35.889999,36.080002,35.59,35.77,33.097515,856200
08-Mar-19,35.369999,35.91,35,35.84,33.162285,947500
11-Mar-19,36.119999,37.080002,36.02,37.029999,34.263378,819000
12-Mar-19,37.27,37.889999,37.27,37.830002,35.003609,1227100
13-Mar-19,38.139999,38.580002,38.029999,38.25,35.392235,1193400
14-Mar-19,37.59,38.099998,37.02,37.080002,34.309647,1124900
15-Mar-19,37.27,37.830002,37.130001,37.619999,34.809296,1512300
18-Mar-19,37.82,38.290001,37.82,38.07,35.225681,830400
19-Mar-19,39.16,39.57,38.66,38.84,35.938145,1464800
20-Mar-19,38.73,39.48,38.41,39.130001,36.206478,1368800
21-Mar-19,39,39.490002,38.849998,39.439999,36.493313,609200
22-Mar-19,38.860001,38.950001,37.529999,37.59,34.78154,819900
25-Mar-19,37.580002,38.369999,37.509998,37.93,35.096134,659400
26-Mar-19,38.349998,39.209999,38.310001,39.139999,36.215729,811100
27-Mar-19,39.330002,39.509998,38.459999,38.860001,35.956654,846700
28-Mar-19,38.700001,39.150002,38.650002,39.02,36.104694,551600
29-Mar-19,39.950001,40.23,39.41,39.68,36.715385,887200
01-Apr-19,40.360001,40.610001,40.029999,40.240002,37.233551,775400
02-Apr-19,40.220001,40.220001,39.220001,39.889999,36.909698,692200
03-Apr-19,40.439999,40.790001,40.150002,40.419998,37.400101,797400
04-Apr-19,40.240002,41,40.02,41,37.936764,913100
05-Apr-19,41.110001,41.169998,40.720001,41.029999,37.964523,517700
08-Apr-19,40.970001,41.77,40.970001,41.689999,38.575214,521700
09-Apr-19,41.5,41.68,40.57,40.75,37.705448,625700
10-Apr-19,40.799999,41.169998,40.650002,41.07,38.001537,438600
11-Apr-19,40.740002,40.740002,39.919998,40.349998,37.335327,965200
12-Apr-19,40.919998,41.529999,40.759998,41,37.936764,727800
15-Apr-19,40.950001,41.23,40.419998,40.619999,37.585155,692500
16-Apr-19,40.75,41.330002,40.169998,41.27,38.186592,588800
17-Apr-19,41.57,42.419998,41.529999,41.84,38.714005,679800
18-Apr-19,41.700001,41.849998,40.630001,41.029999,37.964523,887700
22-Apr-19,40.709999,40.720001,40.209999,40.299999,37.289066,646700
23-Apr-19,40.259998,40.459999,40.040001,40.189999,37.187283,828600
24-Apr-19,40.189999,40.189999,38.93,39.349998,36.410042,1036000
25-Apr-19,39.029999,39.119999,37.93,38,35.1609,1053100
26-Apr-19,38.09,39.209999,38.080002,38.93,36.021427,660800
29-Apr-19,39.009998,39.43,38.59,38.869999,35.965904,748400
30-Apr-19,38.810001,38.900002,37.650002,38.419998,35.549519,785600
01-May-19,38.02,38.599998,36.68,36.700001,33.958035,1159200
02-May-19,36.32,36.48,35.700001,36.389999,34.042225,1254600
03-May-19,36.889999,37.919998,36.880001,37.75,35.314484,894300
06-May-19,36.810001,37.029999,36.209999,36.450001,34.098354,1035200
07-May-19,36.139999,37.009998,36.060001,36.509998,34.15448,1240800
08-May-19,36.240002,36.799999,36.07,36.310001,33.967384,736400
09-May-19,35.889999,35.990002,35.139999,35.43,33.144165,1299800
10-May-19,35.419998,35.84,34.84,35.650002,33.349968,1447100
13-May-19,34.779999,34.959999,34,34.669998,32.433193,953000
14-May-19,34.970001,35.240002,34.650002,35.02,32.760612,686000
15-May-19,34.57,35.259998,34.25,35.07,32.807388,528000
16-May-19,35.419998,35.66,35.07,35.09,32.826099,686500
17-May-19,34.759998,34.990002,34.560001,34.720001,32.479969,622300
20-May-19,34.529999,34.799999,34.240002,34.310001,32.096424,493100
21-May-19,34.16,34.669998,34.009998,34.560001,32.330299,556500
22-May-19,34.389999,34.389999,33.439999,33.48,31.319969,983000
23-May-19,32.990002,33.34,32.610001,33.27,31.12352,1080500
24-May-19,33.759998,33.959999,33.400002,33.48,31.319969,593800
28-May-19,33.650002,33.990002,33.549999,33.849998,31.666094,1187300
29-May-19,33.470001,34.189999,33.34,34.16,31.956097,702300
30-May-19,34.259998,34.560001,33.889999,33.939999,31.75029,521000
31-May-19,33.34,33.860001,33.150002,33.73,31.553839,613200
03-Jun-19,33.93,34.790001,33.889999,34.700001,32.461266,463900
04-Jun-19,35,35.459999,34.57,35.439999,33.153519,517900
05-Jun-19,35.709999,35.779999,34.720001,35.080002,32.816742,585700
06-Jun-19,35.27,35.43,34.880001,35.240002,32.966419,423600
07-Jun-19,35.43,36.279999,35.279999,36.049999,33.724163,642300
10-Jun-19,36.459999,36.57,36.09,36.360001,34.01416,740500
11-Jun-19,37.369999,37.759998,37.07,37.209999,34.809322,670200
12-Jun-19,37,37.419998,36.889999,36.919998,34.538029,471700
13-Jun-19,37.16,37.66,36.950001,37.43,35.015129,529800
14-Jun-19,37.27,37.419998,36.860001,36.990002,34.603512,462500
17-Jun-19,37.02,37.490002,36.720001,37.259998,34.856098,382400
18-Jun-19,37.73,38.889999,37.73,38.610001,36.118999,675000
19-Jun-19,38.490002,38.849998,37.830002,38.23,35.763515,593300
20-Jun-19,39,39.330002,38.630001,39,36.483833,692700
21-Jun-19,38.990002,39.360001,38.849998,39.25,36.717705,1128900
24-Jun-19,39.16,39.52,38.68,39.450001,36.904808,681800
25-Jun-19,39.41,39.52,38.810001,38.82,36.315449,520300
26-Jun-19,38.759998,39.049999,38.349998,39.02,36.502544,769000
27-Jun-19,39,39.400002,38.529999,38.98,36.46513,618100
28-Jun-19,39.110001,39.110001,38.330002,38.849998,36.343513,1004600
01-Jul-19,39.18,39.189999,38.25,38.490002,36.006748,726400
02-Jul-19,38.23,38.32,37.25,38.049999,35.595123,935500
03-Jul-19,38.049999,38.490002,37.93,38.490002,36.006748,390200
05-Jul-19,37.740002,38.330002,37.299999,38.16,35.698029,423900
08-Jul-19,38.099998,38.540001,37.919998,37.990002,35.539001,589400
09-Jul-19,37.599998,37.639999,36.43,37.25,34.846741,1133100
10-Jul-19,37.459999,37.77,36.900002,37.25,34.846741,877200
11-Jul-19,36.75,36.919998,36.5,36.849998,34.472546,923500
12-Jul-19,36.720001,37.32,36.720001,36.869999,34.491257,572000
15-Jul-19,37.09,37.669998,36.990002,37.400002,34.987064,781800
16-Jul-19,37.459999,38.049999,37.259998,37.330002,34.921585,677000
17-Jul-19,37.34,37.759998,36.860001,36.880001,34.500614,573700
18-Jul-19,36.75,36.98,36.41,36.759998,34.388355,903900
19-Jul-19,37.419998,38.110001,37.169998,37.630001,35.202229,914100
22-Jul-19,37.75,37.959999,37.310001,37.630001,35.202229,727100
23-Jul-19,37.68,38.310001,37.360001,37.400002,34.987064,809600
24-Jul-19,37.16,38.040001,37.099998,37.66,35.230282,708500
25-Jul-19,37.759998,37.970001,37.119999,37.419998,35.005768,744200
26-Jul-19,37.48,37.48,36.93,37.360001,34.949646,474700
29-Jul-19,37.360001,37.41,36.759998,37.25,34.846741,519000
30-Jul-19,37.130001,37.279999,36.540001,37.060001,34.668999,582100
31-Jul-19,36.860001,37.040001,35.619999,35.790001,33.480938,907800
01-Aug-19,35.369999,35.91,34.529999,34.549999,32.320938,1257800
02-Aug-19,34.02,34.450001,33.060001,33.110001,30.973843,1110000
05-Aug-19,32.5,32.990002,31.76,32.259998,30.178682,1076900
06-Aug-19,32.490002,32.560001,31.860001,32.360001,30.272232,927300
07-Aug-19,31.73,32.290001,31.51,32.209999,30.509026,948400
08-Aug-19,32.439999,33.400002,32.439999,33.279999,31.522518,1000000
09-Aug-19,32.939999,32.959999,31.870001,31.98,30.291172,817100
12-Aug-19,31.700001,31.870001,31,31.059999,29.419758,741900
13-Aug-19,31.15,32.119999,30.950001,31.780001,30.101738,1195800
14-Aug-19,31.110001,31.219999,30.6,30.620001,29.002995,947100
15-Aug-19,30.459999,30.82,29.530001,29.82,28.245241,1000500
16-Aug-19,29.98,30.09,29.66,29.91,28.330486,918800
19-Aug-19,30.43,30.65,30.190001,30.299999,28.699892,1192000
20-Aug-19,30.209999,30.35,29.82,30.16,28.567287,773500
21-Aug-19,30.18,30.49,29.83,29.92,28.339958,931200
22-Aug-19,30.18,30.360001,30,30.17,28.576756,784400
23-Aug-19,29.969999,30.48,29.440001,29.549999,27.989498,872800
26-Aug-19,29.700001,29.83,29.389999,29.530001,27.970554,725400
27-Aug-19,29.809999,30.110001,29.65,29.82,28.245241,1670900
28-Aug-19,29.799999,30.610001,29.469999,30.389999,28.785137,782800
29-Aug-19,31,31.6,30.9,31.16,29.514479,1293000
30-Aug-19,31.49,31.879999,31.280001,31.6,29.93124,934400
03-Sep-19,31,31.35,30.74,31.26,29.609194,776400
04-Sep-19,31.99,32.189999,31.5,31.6,29.93124,538300
05-Sep-19,31.9,33.049999,31.870001,32.950001,31.209949,1171000
06-Sep-19,33,33.560001,32.709999,33.110001,31.3615,942800
09-Sep-19,33.27,33.650002,33.099998,33.599998,31.825619,806400
10-Sep-19,33.73,34.52,33.470001,34.509998,32.687565,740400
11-Sep-19,34.689999,34.810001,33.650002,34.560001,32.734924,592800
12-Sep-19,34.790001,35.5,34.130001,35.330002,33.464268,671200
13-Sep-19,36.099998,36.41,35.34,35.700001,33.814724,1127600
16-Sep-19,35.650002,35.650002,34.84,35.139999,33.284298,852000
17-Sep-19,34.869999,35.049999,34.549999,34.919998,33.075916,480600
18-Sep-19,34.799999,35.009998,34.349998,34.68,32.848591,890900
19-Sep-19,34.580002,35.029999,34.52,34.669998,32.839115,444100
20-Sep-19,34.799999,35.139999,34.450001,34.490002,32.668625,787800
23-Sep-19,34.040001,34.639999,33.75,34.57,32.7444,748300
24-Sep-19,34.759998,35,33.43,33.59,31.816151,676900
25-Sep-19,33.490002,34.369999,33.349998,34.200001,32.39394,587900
26-Sep-19,33.939999,34.139999,33.779999,33.91,32.119251,423800
27-Sep-19,34.02,34.34,33.77,34.099998,32.299217,701100
30-Sep-19,34.009998,34.259998,33.830002,34.130001,32.327637,696300
01-Oct-19,33.93,34.150002,33,33.099998,31.352028,923500
02-Oct-19,32.610001,32.700001,32.099998,32.529999,30.812126,641100
03-Oct-19,32.32,32.830002,32.18,32.73,31.001566,481300
04-Oct-19,32.669998,33.029999,32.540001,33,31.257307,461600
07-Oct-19,33.040001,33.509998,32.810001,33,31.257307,437000
08-Oct-19,32.66,32.799999,32.25,32.349998,30.641634,653900
09-Oct-19,32.700001,32.700001,32.049999,32.43,30.717411,525600
10-Oct-19,32.889999,33.549999,32.529999,33.279999,31.522518,649600
11-Oct-19,33.91,34.790001,33.639999,34.490002,32.668625,801900
14-Oct-19,34,35.200001,33.82,34.91,33.066448,723400
15-Oct-19,34.669998,34.970001,34.139999,34.200001,32.39394,582800
16-Oct-19,34.080002,34.630001,34.009998,34.09,32.289745,448300
17-Oct-19,34.32,34.470001,33.459999,33.560001,31.787741,837500
18-Oct-19,33.669998,34.43,33.669998,33.880001,32.090832,565300
21-Oct-19,34.48,34.959999,34.41,34.950001,33.104328,728500
22-Oct-19,34.77,35.41,34.68,35.34,33.473732,566200
23-Oct-19,35.860001,36.16,35.419998,36.080002,34.174656,893300
24-Oct-19,36.330002,36.939999,35.200001,35.43,33.558987,1168800
25-Oct-19,35.639999,36.080002,35.450001,35.970001,34.070465,569600
28-Oct-19,36.290001,36.700001,36.119999,36.41,34.487228,782900
29-Oct-19,36.110001,36.740002,36.07,36.73,34.790329,1312400
30-Oct-19,36.549999,36.720001,35.93,36.52,34.591423,1101700
31-Oct-19,36.259998,36.419998,35.380001,35.580002,33.701061,804900
01-Nov-19,35.93,37.360001,35.93,37.349998,35.37759,757100
04-Nov-19,37.799999,38.209999,37.709999,38.130001,36.116402,766800
05-Nov-19,38.080002,38.580002,37.700001,37.970001,35.964855,847000
06-Nov-19,37.639999,37.639999,36.84,36.939999,35.361763,763900
07-Nov-19,37.369999,38.18,37.299999,38.02,36.395622,950300
08-Nov-19,37.779999,38.02,37.560001,37.790001,36.175449,462900
11-Nov-19,37.369999,38.139999,37.189999,38.080002,36.45306,691900
12-Nov-19,38.18,38.360001,37.759998,37.779999,36.165874,646400
13-Nov-19,37.369999,37.889999,37.330002,37.34,35.744675,481200
14-Nov-19,37.240002,37.66,36.91,37.16,35.572365,400100
15-Nov-19,37.279999,37.990002,37.279999,37.720001,36.108437,378200
18-Nov-19,37.419998,37.689999,37.07,37.299999,35.706383,520300
19-Nov-19,37.869999,37.869999,36.889999,37.59,35.983994,507600
20-Nov-19,37.459999,37.66,36.919998,36.970001,35.390488,720600
21-Nov-19,36.919998,37.450001,36.799999,37.099998,35.514931,620700
22-Nov-19,37.380001,38.150002,37.18,37.900002,36.28075,656600
25-Nov-19,38.130001,38.439999,37.919998,38.200001,36.567932,406600
26-Nov-19,38.139999,38.419998,37.880001,38.080002,36.45306,826700
27-Nov-19,38.099998,38.650002,37.799999,38.52,36.874256,468400
29-Nov-19,38.630001,38.77,37.849998,38.029999,36.405193,361700
02-Dec-19,37.990002,38.32,37.619999,37.950001,36.328609,693500
03-Dec-19,37.119999,37.5,36.799999,36.990002,35.40963,1640000
04-Dec-19,37.48,38.240002,37.48,37.700001,36.089294,767000
05-Dec-19,37.830002,38.470001,37.740002,38.389999,36.749817,638700
06-Dec-19,39,39.290001,38.77,38.810001,37.151871,683100
09-Dec-19,38.950001,39.459999,38.939999,39.380001,37.697514,567500
10-Dec-19,39.470001,39.77,39.34,39.639999,37.946407,682200
11-Dec-19,39.82,40.619999,39.75,40.560001,38.827106,889800
12-Dec-19,40.049999,41.27,39.93,41.220001,39.458908,756300
13-Dec-19,41.509998,42.060001,41.189999,41.490002,39.717369,1044700
16-Dec-19,42.119999,42.220001,41.18,41.23,39.468472,660200
17-Dec-19,40.830002,42.080002,40.509998,42.009998,40.215149,932100
18-Dec-19,42.049999,42.73,42.029999,42.630001,40.808666,1292700
19-Dec-19,42.650002,42.860001,42.5,42.849998,41.019264,650700
20-Dec-19,42.860001,43,42.290001,42.290001,40.483189,1168700
23-Dec-19,42.349998,42.68,42.25,42.669998,40.846954,458500
24-Dec-19,42.799999,42.869999,42.549999,42.59,40.77037,212200
26-Dec-19,42.779999,43.209999,42.75,43.189999,41.344738,273800
27-Dec-19,43.380001,43.380001,42.529999,42.57,40.751228,290000
30-Dec-19,42.57,42.73,42.279999,42.490002,40.674648,329000
31-Dec-19,42.509998,42.529999,42.27,42.48,40.66507,530200
02-Jan-20,42.959999,43.040001,42.48,42.709999,40.885242,420300
03-Jan-20,42.009998,42.380001,41.389999,41.549999,39.774807,793300
06-Jan-20,41.5,41.689999,41.119999,41.619999,39.841812,592400
07-Jan-20,41.41,41.880001,41.349998,41.68,39.899254,592900
08-Jan-20,41.799999,42.009998,41.5,41.919998,40.129002,592900
09-Jan-20,41.990002,42.330002,41.790001,42.240002,40.435326,575400
10-Jan-20,42.240002,43.209999,42.240002,42.990002,41.153282,737000
13-Jan-20,43.209999,44.48,43,44.41,42.512611,649200
14-Jan-20,44.290001,44.82,43.990002,44.290001,42.397743,717700
15-Jan-20,44.07,44.169998,43.529999,43.82,41.947823,448900
16-Jan-20,44.16,44.369999,43.23,43.5,41.641491,723600
17-Jan-20,43.91,44.189999,43.560001,43.93,42.05312,675200
21-Jan-20,43.25,43.41,42.119999,42.259998,40.454472,1027500
22-Jan-20,42.419998,42.59,41.610001,41.849998,40.061985,916300
23-Jan-20,41,41.080002,39.689999,41,39.248299,1584500
24-Jan-20,40.77,40.77,39.650002,39.849998,38.147438,1148600
27-Jan-20,38.860001,39.07,37.900002,37.970001,36.347759,1141400
28-Jan-20,38.330002,39,37.790001,38.869999,37.209309,895500
29-Jan-20,38.990002,39.25,38.580002,38.610001,36.960419,704600
30-Jan-20,38.139999,38.889999,37.970001,38.869999,37.209309,716900
31-Jan-20,38.360001,38.41,37.619999,37.68,36.070148,1067200
03-Feb-20,38.130001,38.369999,37.630001,38.200001,36.567932,756900
04-Feb-20,39.16,40.049999,39.16,40.009998,38.300598,1160300
05-Feb-20,40.880001,41.080002,39.939999,40.139999,38.425045,635400
06-Feb-20,40.59,40.610001,39.41,39.59,37.898544,570500
07-Feb-20,38.900002,39.130001,38.5,38.639999,36.989132,496500
10-Feb-20,38.41,38.560001,38,38.34,36.70195,951300
11-Feb-20,38.860001,39.419998,38.68,38.939999,37.276314,935400
12-Feb-20,39.560001,39.720001,39.02,39.509998,37.82196,627100
13-Feb-20,39.48,39.669998,39.09,39.459999,37.774101,556900
14-Feb-20,39.419998,39.73,38.77,39.259998,37.582638,493800
18-Feb-20,38.310001,38.490002,37.610001,38.16,36.529644,824500
19-Feb-20,38.279999,39,38.209999,38.830002,37.171017,450900
20-Feb-20,38.610001,39.240002,38.299999,38.299999,36.663654,407800
21-Feb-20,38.040001,38.110001,37.439999,37.849998,36.232883,512300
24-Feb-20,36.150002,36.25,35.529999,36.139999,34.595947,1029900
25-Feb-20,36.349998,36.43,34.98,35.049999,33.552513,1054100
26-Feb-20,35.299999,35.759998,34.810001,35.029999,33.533367,882600
27-Feb-20,34.029999,34.830002,33.349998,33.57,32.135746,1548500
28-Feb-20,32.139999,33.759998,31.889999,33.650002,32.21233,1638400
02-Mar-20,33.950001,35.25,33.25,35.150002,33.648243,1266800
03-Mar-20,35.310001,35.919998,34.099998,34.669998,33.188747,1754100
04-Mar-20,35.450001,36.119999,34.93,35.810001,34.280045,1062700
05-Mar-20,34.93,35.490002,34.830002,35.360001,33.84927,910800
06-Mar-20,34.360001,35.34,34.139999,35.259998,33.75354,1073800
09-Mar-20,32.48,32.77,30.860001,32.009998,30.994001,1294100
10-Mar-20,33.259998,35.639999,33.16,35.240002,34.121479,1450700
11-Mar-20,34,34.130001,31.110001,31.530001,30.529238,1388500
12-Mar-20,29.41,29.41,26.139999,26.58,25.736351,1888100
13-Mar-20,28.52,29.370001,27.450001,29.290001,28.360336,1301300
16-Mar-20,25.870001,28.120001,25.75,27.629999,26.753021,1219800
17-Mar-20,27.92,30.219999,27.26,27.889999,27.00477,2085000
18-Mar-20,25.77,28.299999,24.49,25.9,25.077932,1569300
19-Mar-20,25.52,27.530001,24.5,27.129999,26.26889,1270700
20-Mar-20,27.629999,27.870001,25.139999,25.41,24.603485,1533600
23-Mar-20,25.02,25.4,23.43,23.530001,22.783157,1434500
24-Mar-20,24.77,26.940001,24.66,26.57,25.726665,1060900
25-Mar-20,26.59,28.77,25.67,27.5,26.62715,1028200
26-Mar-20,27.879999,28.709999,27.57,28.41,27.508265,912200
27-Mar-20,27.129999,27.540001,26.379999,26.59,25.746033,716000
30-Mar-20,26.83,27.690001,26.15,27.620001,26.74334,747100
31-Mar-20,27.76,29.139999,27.66,28.16,27.266203,867000
01-Apr-20,26.83,27.77,26.389999,26.540001,25.69762,1027600
02-Apr-20,26.950001,28.17,26.379999,27.34,26.472229,747600
03-Apr-20,27.059999,27.6,26.58,26.799999,25.949368,868600
06-Apr-20,28.59,28.6,27.57,28.4,27.498583,736000
07-Apr-20,29.790001,30.4,29.190001,29.540001,28.6024,1327700
08-Apr-20,29.66,30.370001,29.379999,30.18,29.222088,674600
09-Apr-20,30.780001,31.790001,30.43,31.120001,30.13225,909700
13-Apr-20,31.209999,31.57,29.860001,30.879999,29.899866,832900
14-Apr-20,31.559999,32.27,30.549999,31,30.016058,751600
15-Apr-20,29.34,29.98,28.85,28.870001,27.953665,867500
16-Apr-20,29.01,29.379999,28.120001,28.360001,27.459854,817200
17-Apr-20,29.42,30.360001,29.42,30.26,29.299545,717400
20-Apr-20,29.91,30.620001,29.42,29.59,28.650814,1012100
21-Apr-20,28.209999,29.32,28.049999,29.02,28.098904,660200
22-Apr-20,29.889999,30.16,29.360001,30.129999,29.173672,693800
23-Apr-20,30.440001,31.290001,30.23,30.879999,29.899866,830000
24-Apr-20,31.469999,31.83,30.6,30.75,29.773994,728900
27-Apr-20,31.200001,32.599998,30.889999,32.57,31.536226,1330600
28-Apr-20,33.669998,33.669998,32.900002,33.360001,32.301151,1140900
29-Apr-20,34.360001,34.779999,34.060001,34.639999,33.540524,568500
30-Apr-20,33.91,34.040001,32.279999,32.439999,31.410353,1115200
01-May-20,31.469999,32.009998,31.219999,31.76,30.751938,536700
04-May-20,31.639999,32.360001,31.120001,32.34,31.313528,854500
05-May-20,32.91,33.5,32.259998,32.34,31.313528,926000
06-May-20,32.650002,32.849998,32.259998,32.419998,31.390985,630900
07-May-20,32.950001,33.639999,32.259998,32.91,31.865435,828100
08-May-20,33.57,34.580002,33.27,34.450001,33.35656,636800
11-May-20,33.529999,34.09,33.209999,33.869999,32.794964,658900
12-May-20,33.98,34.599998,33.040001,33.080002,32.220303,551700
13-May-20,33.240002,33.450001,32.23,32.599998,31.752771,683300
14-May-20,31.85,33.389999,31.379999,32.939999,32.083935,1326900
15-May-20,32.82,33.709999,32.59,32.810001,31.957315,735600
18-May-20,34.23,35.889999,34.23,35.630001,34.704025,792300
19-May-20,35.709999,36.25,35.369999,35.91,34.976749,631500
20-May-20,36.5,36.73,35.889999,36.040001,35.103374,592700
21-May-20,35.73,35.900002,35.049999,35.48,34.557926,404200
22-May-20,34.880001,35.34,34.869999,35.18,34.265724,527400
26-May-20,36.529999,36.529999,35.48,35.970001,35.035191,669700
27-May-20,36.259998,36.880001,35.459999,36.299999,35.356613,936400
28-May-20,36.900002,37.110001,36.57,36.790001,35.833885,993800
29-May-20,36.93,36.93,35.549999,36.299999,35.356613,1445200
01-Jun-20,36.130001,37.209999,36.099998,36.849998,35.892319,617400
02-Jun-20,37.32,38.009998,37.009998,37.509998,36.535168,762200
03-Jun-20,37.950001,38.82,37.610001,38.290001,37.294895,1029900
04-Jun-20,38.130001,38.73,37.669998,38.080002,37.090355,850900
05-Jun-20,39.48,40.310001,38.73,38.950001,37.937744,981600
08-Jun-20,38.709999,39.290001,38.189999,38.790001,37.781906,930800
09-Jun-20,37.919998,39.139999,37.419998,38.93,37.918266,611300
10-Jun-20,39.209999,39.860001,38.630001,39.450001,38.424751,698800
11-Jun-20,37.790001,37.939999,35.91,36.07,35.132591,1192300
12-Jun-20,37.77,37.93,36.330002,37.02,36.057903,915400
15-Jun-20,35.900002,37.580002,35.450001,37.220001,36.252708,853200
16-Jun-20,38.02,38.389999,36.790001,37.330002,36.359848,577000
17-Jun-20,37.349998,37.869999,37.330002,37.599998,36.622829,525500
18-Jun-20,37.009998,37.349998,36.41,36.880001,35.921543,761200
19-Jun-20,37.580002,37.82,36.93,37.799999,36.817631,1541600
22-Jun-20,37.380001,37.77,36.970001,37.43,36.457249,897500
23-Jun-20,38.080002,38.580002,37.900002,38.32,37.32412,548700
24-Jun-20,37.990002,38.099998,37.200001,37.48,36.505947,800000
25-Jun-20,37.490002,38.349998,37.169998,38.32,37.32412,621000
26-Jun-20,38.189999,38.459999,37.380001,37.720001,36.739712,1387300
29-Jun-20,38.040001,38.580002,37.939999,38.369999,37.372818,400000
30-Jun-20,38.27,39.91,38.09,39.77,38.736431,1193000
01-Jul-20,39.860001,39.93,38.130001,38.59,37.587101,921100
02-Jul-20,39.369999,39.880001,38.880001,38.91,37.898785,560700
06-Jul-20,40,40.740002,39.529999,40.740002,39.681229,1159800
07-Jul-20,40.380001,40.669998,39.970001,40,38.960453,1292400
08-Jul-20,40.400002,40.82,39.91,40.650002,39.593567,762500
09-Jul-20,41,41,39.93,40.330002,39.281883,723800
10-Jul-20,40.610001,41.689999,40,41.66,40.577316,880600
13-Jul-20,42.380001,42.580002,40.84,41.189999,40.11953,1162000
14-Jul-20,40.919998,42.549999,40.720001,42.470001,41.366264,986000
15-Jul-20,43,43.16,42.189999,42.810001,41.69743,949100
16-Jul-20,42.25,43.09,41.919998,42.630001,41.52211,687100
17-Jul-20,43.029999,43.830002,42.580002,43.68,42.544819,671600
20-Jul-20,43.509998,43.959999,43.040001,43.790001,42.651962,795300
21-Jul-20,43.869999,44.23,43.169998,43.25,42.125992,660100
22-Jul-20,43.490002,43.900002,42.98,43.720001,42.583778,870200
23-Jul-20,43.939999,44.360001,43.110001,43.369999,42.242874,615300
24-Jul-20,42.939999,43.330002,42.25,43.080002,41.960411,928800
27-Jul-20,43.630001,46.150002,43.299999,46.07,44.872704,1040700
28-Jul-20,45.439999,45.580002,44.369999,44.880001,43.713634,964200
29-Jul-20,44.970001,45.669998,43.57,44.27,43.119488,794700
30-Jul-20,43.27,44.09,43.080002,43.830002,42.690922,882800
31-Jul-20,43.759998,43.91,43.150002,43.709999,42.574039,661900
03-Aug-20,44.240002,44.57,43.709999,44.16,43.012344,666500
04-Aug-20,42.849998,43.580002,42.02,43.57,42.437675,1083400
05-Aug-20,44.75,45.720001,44.75,45.279999,44.103237,654500
06-Aug-20,45.650002,46.610001,45.099998,46.169998,44.970104,919800
07-Aug-20,45.59,45.790001,44.540001,45.060001,43.888954,835200
10-Aug-20,45.450001,46.200001,45.290001,45.849998,44.658424,634400
11-Aug-20,45.459999,45.560001,44.34,44.52,43.744621,908200
12-Aug-20,45.310001,45.759998,45.029999,45.330002,44.540516,709500
13-Aug-20,45,45.779999,44.52,44.869999,44.088524,664600
14-Aug-20,44.810001,45.209999,44.619999,45.189999,44.40295,500800
17-Aug-20,46,46.720001,45.73,45.93,45.130062,540300
18-Aug-20,46.75,47.43,46.540001,46.549999,45.739265,821300
19-Aug-20,46.860001,47.549999,46.66,46.73,45.91613,762000
20-Aug-20,46.029999,46.540001,45.610001,46.5,45.690132,499900
21-Aug-20,45.919998,46.240002,45.720001,45.990002,45.189022,461700
24-Aug-20,46.669998,46.810001,46.029999,46.610001,45.798222,469900
25-Aug-20,46.779999,46.900002,45.970001,46.279999,45.473965,413000
26-Aug-20,46.509998,47.25,46.450001,47.18,46.358292,394700
27-Aug-20,47.57,47.669998,46.060001,46.32,45.513271,461300
28-Aug-20,47.23,48.52,46.93,48.209999,47.370354,617700
31-Aug-20,48.540001,48.700001,48.02,48.099998,47.262268,783200
01-Sep-20,48.459999,49.189999,48.009998,48.52,47.674953,1274500
02-Sep-20,48.57,48.630001,47.41,47.98,47.144356,761400
03-Sep-20,47.27,47.27,45.470001,46.599998,45.788395,871400
04-Sep-20,47.18,47.509998,45.959999,46.98,46.161777,630700
08-Sep-20,45.91,46.529999,44.93,45.799999,45.002327,790900
09-Sep-20,46.66,47.369999,46.450001,46.869999,46.053688,1062500
10-Sep-20,46.759998,47.009998,45.369999,45.48,44.687901,843600
11-Sep-20,46.330002,47.220001,46.18,46.889999,46.073341,948900
14-Sep-20,47.639999,47.950001,47.259998,47.330002,46.505684,733400
15-Sep-20,47.990002,48.25,47.200001,47.290001,46.466377,539100
16-Sep-20,47.610001,47.880001,46.939999,47.049999,46.230556,709100
17-Sep-20,46.490002,47.34,46.200001,47.189999,46.368118,796800
18-Sep-20,47.41,47.459999,46.400002,46.48,45.670486,1078700
21-Sep-20,45.369999,45.5,44.119999,45.169998,44.383297,981300
22-Sep-20,45.630001,45.849998,44.75,45.389999,44.599464,675800
23-Sep-20,45.080002,45.349998,43.93,43.950001,43.184547,785600
24-Sep-20,43.599998,45.099998,43.259998,44.549999,43.774097,791300
25-Sep-20,44.169998,44.619999,43.98,44.48,43.705318,636100
28-Sep-20,45.439999,45.740002,44.849998,44.889999,44.108177,820900
29-Sep-20,44.75,45.009998,44.43,44.450001,43.675838,993900
30-Sep-20,44.830002,45.419998,44.610001,45.27,44.481556,1354800
01-Oct-20,45.439999,45.689999,44.150002,44.490002,43.715145,868300
02-Oct-20,43.650002,46.259998,43.630001,45.630001,44.835289,697900
05-Oct-20,45.849998,47.150002,45.77,46.790001,45.975086,776700
06-Oct-20,46.849998,46.939999,45.57,45.610001,44.815639,728200
07-Oct-20,46.57,48.139999,46.369999,47.150002,46.328815,794900
08-Oct-20,47.509998,47.790001,46.869999,47.43,46.603939,451000
09-Oct-20,48.259998,48.48,47.77,48.080002,47.242622,912900
12-Oct-20,48,48.099998,47.529999,47.959999,47.12471,392000
13-Oct-20,47.900002,48.029999,47.18,47.389999,46.564632,471900
14-Oct-20,46.419998,47.82,45.880001,47.560001,46.731678,495800
15-Oct-20,46.830002,48.380001,46.799999,47.98,47.144356,710600
16-Oct-20,48.349998,48.540001,47.880001,47.939999,47.105057,627200
19-Oct-20,48.150002,49.060001,47.639999,47.799999,46.967495,649800
20-Oct-20,48.43,49.700001,48.119999,49.259998,48.402065,1073200
21-Oct-20,49.720001,50.68,49.540001,49.91,49.040749,1135700
22-Oct-20,49.91,50.700001,49.720001,50.27,49.394478,1033600
23-Oct-20,50.439999,52.189999,50.169998,51.950001,51.045216,1026900
26-Oct-20,51.099998,52.009998,50.380001,51.130001,50.239498,767700
27-Oct-20,51.25,52.650002,51.150002,51.950001,51.045216,1561900
28-Oct-20,50.619999,51.799999,49.900002,51.419998,50.524445,922700
29-Oct-20,51.02,52.560001,50.830002,52.509998,51.595463,1144400
30-Oct-20,52.299999,52.98,51.919998,52.34,51.428425,1128600
02-Nov-20,52.869999,54.290001,52.790001,54.209999,53.265854,1241900
03-Nov-20,54.849998,54.939999,53.610001,53.919998,52.980904,742100
04-Nov-20,54.040001,54.200001,52.709999,52.880001,51.959023,570800
05-Nov-20,53.759998,54.650002,53.580002,54.25,53.305157,841500
06-Nov-20,54.889999,55.34,54.509998,55.130001,54.16983,584600
09-Nov-20,56.130001,56.98,54.639999,54.66,54.199577,1331200
10-Nov-20,54.43,54.860001,53.509998,54.16,53.703789,894900
11-Nov-20,54.200001,54.419998,53.73,54.139999,53.683956,695700
12-Nov-20,54.41,55.32,53.290001,53.580002,53.128677,1006200
13-Nov-20,54.130001,54.450001,53.869999,54.389999,53.93185,994000
16-Nov-20,55.290001,55.990002,55.049999,55.540001,55.072166,681600
17-Nov-20,55.540001,56.48,55.040001,56.09,55.617531,1464100
18-Nov-20,56.380001,56.639999,55.32,55.869999,55.399384,608900
19-Nov-20,55.619999,56.209999,54.91,56.049999,55.577869,444200
20-Nov-20,56.689999,57.450001,56.509998,56.830002,56.351299,1232100
23-Nov-20,57.630001,58.32,57.470001,58.150002,57.660183,865300
24-Nov-20,58.810001,59.990002,58.709999,59.509998,59.008724,1124700
25-Nov-20,59.299999,60.200001,58.66,59.98,59.474766,678300
27-Nov-20,60.549999,61.279999,60.380001,60.849998,60.337437,494600
30-Nov-20,60.630001,61.189999,59.349998,59.369999,58.869904,1780800
01-Dec-20,60.5,60.98,59.790001,60.150002,59.643333,1033900
02-Dec-20,60.200001,60.740002,59.639999,60.200001,59.692913,1181300
03-Dec-20,60.709999,61.189999,60.080002,60.310001,59.801987,1061300
04-Dec-20,60.720001,61.34,60.689999,61.02,60.506004,877600
07-Dec-20,60.689999,60.830002,58.939999,59.259998,58.76083,793900
08-Dec-20,58.900002,60.740002,58.900002,60.310001,59.801987,1033900
09-Dec-20,60.549999,60.790001,58.66,59.48,58.978977,1031000
10-Dec-20,59.220001,59.889999,58.880001,59.169998,58.671585,1050400
11-Dec-20,58.740002,59.869999,58.709999,59.759998,59.256618,536700
14-Dec-20,60.150002,60.27,58.700001,59.23,58.731083,669800
15-Dec-20,60.48,60.580002,60,60.529999,60.02013,550800
16-Dec-20,61.009998,62.880001,60.700001,61.77,61.249687,1026200
17-Dec-20,62.560001,63.599998,62.5,62.91,62.380085,1082800
18-Dec-20,62.970001,63.41,62.27,62.75,62.221432,1127400
21-Dec-20,61.439999,63.84,61.009998,63.790001,63.252674,775800
22-Dec-20,63.599998,63.66,62.459999,63.099998,62.568481,820300
23-Dec-20,63.43,64.459999,63.400002,64.410004,63.867455,1081200
24-Dec-20,64.739998,64.980003,64.019997,64.099998,63.560059,365200
28-Dec-20,65,65.18,63.240002,63.529999,62.994862,412400
29-Dec-20,63.68,64.5,63.200001,64.269997,63.728626,516500
30-Dec-20,64.269997,65.879997,64.269997,65.82,65.265572,738600
31-Dec-20,65.900002,65.900002,64.760002,65.120003,64.571472,491200
04-Jan-21,67.379997,68.5,66.849998,67.269997,66.703354,1482200
05-Jan-21,66.949997,68.220001,66.849998,68.160004,67.585869,1049800
06-Jan-21,68.57,69.699997,68.120003,68.949997,68.369202,1074700
07-Jan-21,70,71.349998,69.760002,71.18,70.580421,1232600
08-Jan-21,71.089996,71.459999,69.949997,71.440002,70.838234,888300
11-Jan-21,69.18,71.330002,68.580002,70.660004,70.064804,903900
12-Jan-21,71,71.980003,70.050003,71.809998,71.205116,914100
13-Jan-21,71.790001,71.790001,70.080002,70.239998,69.648338,541600
14-Jan-21,70.239998,71.690002,68.800003,71,70.401939,758200
15-Jan-21,69.660004,70.57,68.779999,69.110001,68.527863,643000
19-Jan-21,70.239998,71.639999,70.040001,70.900002,70.30278,1033400
20-Jan-21,72,72,70.07,70.269997,69.678085,743700
21-Jan-21,70.199997,70.779999,69.650002,70.410004,69.81691,491000
22-Jan-21,69.120003,71.290001,68.43,71.019997,70.421768,660000
25-Jan-21,71.550003,71.739998,68.900002,69.790001,69.202133,901600
26-Jan-21,70.68,71.230003,69.400002,69.75,69.162468,904800
27-Jan-21,68.019997,68.400002,66.32,67.400002,66.832268,1061100
28-Jan-21,68.400002,69.82,67.849998,69.150002,68.567528,1060600
29-Jan-21,69.790001,69.849998,66.32,66.410004,65.850609,1201900
01-Feb-21,67.75,68.949997,66.860001,68.870003,68.289886,903700
02-Feb-21,68.870003,68.989998,67.120003,68.129997,67.556114,982200
03-Feb-21,68.809998,68.900002,67.839996,67.889999,67.318138,1142300
04-Feb-21,67.940002,69.599998,67.57,69.519997,68.934402,663100
05-Feb-21,69.949997,72.269997,69.690002,71.459999,70.858063,1379600
08-Feb-21,72.25,73.190002,71.029999,71.230003,70.630005,992600
09-Feb-21,70.400002,71.190002,69.379997,71.059998,71.059998,681100
10-Feb-21,72.470001,72.919998,70.660004,71.5,71.5,792500
11-Feb-21,71.190002,72.150002,69.769997,70.650002,70.650002,552700
12-Feb-21,70.419998,72.5,70.32,72.459999,72.459999,663100
16-Feb-21,75,75.07,72.639999,73.019997,73.019997,1040800
17-Feb-21,73.32,74.739998,72.910004,74.330002,74.330002,1191600
18-Feb-21,75.220001,76.139999,73.82,74.510002,74.510002,1202900
19-Feb-21,76.050003,79.489998,75.720001,79.419998,79.419998,1925400
22-Feb-21,81.989998,83.150002,80.760002,81.529999,81.529999,1994400
23-Feb-21,79.43,79.940002,76.040001,79.269997,79.269997,1724700
24-Feb-21,79.160004,79.199997,77.660004,78.480003,78.480003,1408300
25-Feb-21,77.870003,78.400002,75.029999,75.080002,75.080002,1279400
26-Feb-21,74.410004,74.75,70.980003,71.330002,71.330002,2571000
01-Mar-21,72.82,75.269997,72.599998,74.889999,74.889999,1333300
02-Mar-21,75.529999,76.860001,74.589996,76.139999,76.139999,1443800
03-Mar-21,75.779999,78.129997,75.489998,76.989998,76.989998,1271400
04-Mar-21,75.559998,75.709999,70.080002,71.400002,71.400002,1899400
05-Mar-21,72.980003,74.07,70.120003,73.739998,73.739998,1050900
08-Mar-21,73.559998,74.339996,72.5,72.529999,72.529999,770700
09-Mar-21,71.940002,73.5,70.669998,72.970001,72.970001,1357400
10-Mar-21,73.089996,76.010002,72.75,75.139999,75.139999,1277700
11-Mar-21,77.139999,79.620003,76.43,78.209999,78.209999,1692300
12-Mar-21,77.010002,78.360001,76.639999,77.989998,77.989998,581100
15-Mar-21,77.769997,78.199997,74.919998,75.769997,75.769997,1173900
16-Mar-21,75.980003,75.980003,73.620003,73.800003,73.800003,1096000
17-Mar-21,73.110001,74.809998,72.559998,74.279999,74.279999,748300
18-Mar-21,74.199997,75.080002,72.870003,72.940002,72.940002,882800
19-Mar-21,72.75,73.110001,71.099998,72.139999,72.139999,1507400
22-Mar-21,72.459999,72.690002,71.209999,72.080002,72.080002,988000
23-Mar-21,70.970001,71.699997,67.889999,68.169998,68.169998,1844400
24-Mar-21,69.110001,69.919998,67.07,67.480003,67.480003,1658200
25-Mar-21,65.230003,66.309998,63.950001,65.82,65.82,2317500
26-Mar-21,67.639999,69.610001,66.949997,69.419998,69.419998,1468000
29-Mar-21,68.989998,69.080002,67.470001,68.080002,68.080002,1233400
30-Mar-21,67.82,68.669998,67.419998,68.089996,68.089996,1102600
31-Mar-21,69.050003,69.169998,67.82,67.870003,67.870003,929300
01-Apr-21,68.5,69.550003,68.099998,69.410004,69.410004,1121500
05-Apr-21,70.800003,72.849998,70.599998,71.699997,71.699997,1345400
06-Apr-21,71.919998,73.290001,71.099998,71.400002,71.400002,1303200
07-Apr-21,71.190002,71.519997,70.389999,70.839996,70.839996,900700
08-Apr-21,71.209999,73,70.389999,72.470001,72.470001,936800
09-Apr-21,71.809998,71.830002,70.150002,70.980003,70.980003,850500
12-Apr-21,70.550003,70.720001,69.889999,70.389999,70.389999,947700
13-Apr-21,70.400002,71.519997,69.970001,70.919998,70.919998,678800
14-Apr-21,72.029999,74.43,71.790001,73.43,73.43,907600
15-Apr-21,74.480003,74.959999,73.160004,74.870003,74.870003,1476200
16-Apr-21,75.150002,76.730003,75.150002,76.199997,76.199997,940100
19-Apr-21,76.690002,77.709999,73.760002,74.510002,74.510002,1331700
20-Apr-21,74.019997,74.290001,70.870003,71.389999,71.389999,1332400
21-Apr-21,69.290001,72.269997,68.879997,72.07,72.07,1532700
22-Apr-21,71.589996,71.589996,68.940002,69.120003,69.120003,1453500
23-Apr-21,70.339996,71.830002,70.029999,71.639999,71.639999,1072900
26-Apr-21,72.419998,73.459999,71.809998,72.889999,72.889999,1239800
27-Apr-21,72.769997,73.379997,72.169998,72.980003,72.980003,1132600
28-Apr-21,72.839996,73.160004,71.220001,73.019997,73.019997,619109
